-- phpMyAdmin SQL Dump
-- version 5.2.1
-- https://www.phpmyadmin.net/
--
-- Máy chủ: 127.0.0.1
-- Thời gian đã tạo: Th4 20, 2025 lúc 05:54 PM
-- Phiên bản máy phục vụ: 10.4.32-MariaDB
-- Phiên bản PHP: 8.2.12

SET SQL_MODE = "NO_AUTO_VALUE_ON_ZERO";
START TRANSACTION;
SET time_zone = "+00:00";


/*!40101 SET @OLD_CHARACTER_SET_CLIENT=@@CHARACTER_SET_CLIENT */;
/*!40101 SET @OLD_CHARACTER_SET_RESULTS=@@CHARACTER_SET_RESULTS */;
/*!40101 SET @OLD_COLLATION_CONNECTION=@@COLLATION_CONNECTION */;
/*!40101 SET NAMES utf8mb4 */;

--
-- Cơ sở dữ liệu: `ticket_booking`
--

-- --------------------------------------------------------

--
-- Cấu trúc bảng cho bảng `admins`
--

CREATE TABLE `admins` (
  `admin_id` int(11) NOT NULL,
  `username` varchar(30) NOT NULL,
  `password` varchar(255) NOT NULL,
  `email` varchar(50) NOT NULL,
  `created_at` timestamp NOT NULL DEFAULT current_timestamp()
) ENGINE=InnoDB DEFAULT CHARSET=utf8mb4 COLLATE=utf8mb4_general_ci;

--
-- Đang đổ dữ liệu cho bảng `admins`
--

INSERT INTO `admins` (`admin_id`, `username`, `password`, `email`, `created_at`) VALUES
(1, 'admin', '$2y$10$Tn/0xi2s.OElsEgYTieQX.mcyzYyuBcGYHB8f3eQKkaBH8JRvhh8e', 'admin@curtaincall.com', '2025-04-06 22:41:32');

-- --------------------------------------------------------

--
-- Cấu trúc bảng cho bảng `admin_tokens`
--

CREATE TABLE `admin_tokens` (
  `id` int(11) NOT NULL,
  `admin_id` int(11) NOT NULL,
  `token` varchar(255) NOT NULL,
  `expires_at` datetime NOT NULL,
  `created_at` timestamp NOT NULL DEFAULT current_timestamp()
) ENGINE=InnoDB DEFAULT CHARSET=utf8mb4 COLLATE=utf8mb4_general_ci;

-- --------------------------------------------------------

--
-- Cấu trúc bảng cho bảng `bookings`
--

CREATE TABLE `bookings` (
  `booking_id` int(11) NOT NULL,
  `user_id` int(11) NOT NULL,
  `play_id` varchar(5) NOT NULL,
  `theater_id` varchar(3) NOT NULL,
  `seat_id` varchar(3) NOT NULL,
  `status` enum('Pending','Paid','Expired','Cancelled') DEFAULT 'Pending',
  `expires_at` datetime NOT NULL,
  `created_at` timestamp NOT NULL DEFAULT current_timestamp(),
  `updated_at` timestamp NOT NULL DEFAULT current_timestamp() ON UPDATE current_timestamp(),
  `amount` decimal(10,2) NOT NULL DEFAULT 0.00,
  `schedule_date` date DEFAULT NULL
) ENGINE=InnoDB DEFAULT CHARSET=utf8mb4 COLLATE=utf8mb4_general_ci;

--
-- Đang đổ dữ liệu cho bảng `bookings`
--

INSERT INTO `bookings` (`booking_id`, `user_id`, `play_id`, `theater_id`, `seat_id`, `status`, `expires_at`, `created_at`, `updated_at`, `amount`, `schedule_date`) VALUES
(17, 1, 'IDE08', 'IDE', 'C3', 'Paid', '2025-04-17 18:32:04', '2025-04-17 11:17:04', '2025-04-19 00:41:35', 270000.00, '2025-04-23'),
(18, 1, 'IDE08', 'IDE', 'E4', 'Paid', '2025-04-17 18:32:04', '2025-04-17 11:17:04', '2025-04-19 00:41:35', 320000.00, '2025-04-23'),
(19, 1, 'THM02', 'THM', 'C6', 'Paid', '2025-04-19 04:50:51', '2025-04-18 21:35:51', '2025-04-19 00:41:35', 300000.00, '2025-04-23'),
(20, 1, 'THM02', 'THM', 'E6', 'Paid', '2025-04-19 04:50:51', '2025-04-18 21:35:51', '2025-04-19 00:41:35', 350000.00, '2025-04-23'),
(21, 1, 'THM02', 'THM', 'D9', 'Paid', '2025-04-19 05:58:51', '2025-04-18 22:43:51', '2025-04-19 00:41:35', 300000.00, '2025-04-23'),
(22, 1, 'THM02', 'THM', 'E8', 'Paid', '2025-04-19 05:58:51', '2025-04-18 22:43:51', '2025-04-19 00:41:35', 350000.00, '2025-04-23'),
(23, 1, 'THM02', 'THM', 'D7', 'Paid', '2025-04-19 06:28:23', '2025-04-18 23:13:23', '2025-04-19 00:41:35', 300000.00, '2025-04-23'),
(24, 1, 'SKN01', 'SKN', 'C4', 'Paid', '2025-04-19 06:28:51', '2025-04-18 23:13:51', '2025-04-19 00:41:35', 270000.00, '2025-04-23'),
(25, 1, 'THM02', 'THM', 'E3', 'Paid', '2025-04-19 06:29:54', '2025-04-18 23:14:54', '2025-04-19 00:41:35', 350000.00, '2025-04-23'),
(26, 1, 'THM02', 'THM', 'C4', 'Paid', '2025-04-19 06:48:40', '2025-04-18 23:33:40', '2025-04-19 00:41:35', 300000.00, '2025-04-23'),
(27, 1, 'THM02', 'THM', 'C8', 'Paid', '2025-04-19 06:53:03', '2025-04-18 23:38:03', '2025-04-19 00:41:35', 300000.00, '2025-04-23'),
(28, 1, 'THM02', 'THM', 'B9', 'Paid', '2025-04-19 06:53:25', '2025-04-18 23:38:25', '2025-04-19 00:41:35', 300000.00, '2025-04-23'),
(29, 1, 'THM02', 'THM', 'B6', 'Paid', '2025-04-19 06:55:25', '2025-04-18 23:40:25', '2025-04-19 00:41:35', 300000.00, '2025-04-23'),
(30, 1, 'THM02', 'THM', 'B7', 'Paid', '2025-04-19 06:55:25', '2025-04-18 23:40:25', '2025-04-19 00:41:35', 300000.00, '2025-04-23'),
(31, 1, 'THĐ03', 'THĐ', 'D5', 'Paid', '2025-04-19 07:36:47', '2025-04-19 00:21:47', '2025-04-19 00:41:35', 330000.00, '2025-04-23'),
(32, 1, 'THĐ03', 'THĐ', 'E7', 'Paid', '2025-04-19 07:36:47', '2025-04-19 00:21:47', '2025-04-19 00:41:35', 400000.00, '2025-04-23'),
(33, 1, 'THĐ03', 'THĐ', 'D6', 'Paid', '2025-04-19 07:51:30', '2025-04-19 00:36:30', '2025-04-19 00:36:30', 330000.00, '2025-04-30'),
(34, 1, 'THĐ03', 'THĐ', 'C8', 'Paid', '2025-04-19 07:52:05', '2025-04-19 00:37:05', '2025-04-19 00:37:05', 330000.00, '2025-04-23'),
(35, 1, 'THĐ03', 'THĐ', 'E8', 'Paid', '2025-04-19 07:52:05', '2025-04-19 00:37:05', '2025-04-19 00:37:05', 400000.00, '2025-04-23');

-- --------------------------------------------------------

--
-- Cấu trúc bảng cho bảng `plays`
--

CREATE TABLE `plays` (
  `play_id` varchar(5) NOT NULL,
  `title` varchar(255) NOT NULL,
  `description` text NOT NULL,
  `image` varchar(255) NOT NULL,
  `theater_id` varchar(3) NOT NULL,
  `views` int(11) DEFAULT 0
) ENGINE=InnoDB DEFAULT CHARSET=utf8mb4 COLLATE=utf8mb4_general_ci;

--
-- Đang đổ dữ liệu cho bảng `plays`
--

INSERT INTO `plays` (`play_id`, `title`, `description`, `image`, `theater_id`, `views`) VALUES
('IDE00', 'Đức Thượng Công Tả Quân LÊ VĂN DUYỆT', '<p>SÂN KHẤU SỬ VIỆT HỌC ĐƯỜNG&nbsp;</p><p><strong>ĐỨC THƯỢNG CÔNG TẢ QUÂN LÊ VĂN DUYỆT&nbsp;</strong></p><p><strong>-------- NGƯỜI MANG 9 ÁN TỬ --------</strong>&nbsp;</p><p>- Tác giả: <strong>Phạm Văn Quý</strong>&nbsp;</p><p>- Đạo diễn: <strong>Hoàng Duẩn</strong>&nbsp;</p><p>- Diễn viên: <strong>Đình Toàn, Đại Nghĩa, Quang Thảo, Hoàng Trinh, Mỹ Duyên, Quốc Thịnh, Hòa Hiệp, Đông Hải, Kan Lê, Quốc Tuấn, Tâm Anh, Công Tôn Nghĩa, Trúc My, Bảo Cường, Hồng Phước, Phương Nguyễn, Thanh Anh, Phạm Hùng và Nhà Hát Thiếu Nhi NỤ CƯỜI.</strong></p>', 'public\\images\\plays\\LeVanDuyet.jpg', 'IDE', 0),
('IDE01', 'Một Ngày Làm VUA', '<p>- <strong>Tác giả</strong>: Viễn Hùng<br>- <strong>Đạo diễn</strong>: Hùng Lâm - Đình Toàn<br>- <strong>Diễn viên</strong>: Đình Toàn, Quốc Thịnh, Quang Thảo, Đại Nghĩa, Hồng Ánh, Mỹ Duyên, Cẩm Hò, Bạch Long, Tâm Anh, Quốc Tuấn, Bảo Cường, Phước Lộc, Thái Hiển, Trúc My, Hoài Trang, Phạm Hạnh, Bích Trâm.</p>', 'public\\images\\plays\\MotNgayLamVua.jpg', 'IDE', 0),
('IDE02', 'VÀNG ơi là VÀNG!', '<p>- <strong>Tác giả</strong>: Nguyễn Quốc<br>- <strong>Đạo diễn</strong>: Hùng Lâm&nbsp;<br>- <strong>Diễn viên</strong>: Đình Toàn, Đại Nghĩa, Hồng Ánh, Hòa Hiệp, Trà Ngọc, Quốc Thịnh, Phi Nga, Hoài Trang và Quang Thảo.</p>', 'public\\images\\plays\\VANG.jpg', 'IDE', 0),
('IDE03', '12 Bà Mụ', '<p><strong>Tác giả</strong>: Nguyễn Khắc Phục</p><p><strong>Đạo diễn</strong>: Hùng Lâm - Đình Toàn</p><p><strong>Diễn viên</strong>: Đình Toàn, Thanh Thủy, Bạch Long, Hoàng Trinh, Mỹ Duyên, Hồng Ánh, Đại Nghĩa, Hòa Hiệp, Quốc Tuấn, Kim Duyên, Mai Phượng, Trịnh Minh Dũng, Tâm Anh, Trà Ngọc, Việt Trang, Thanh Anh, Kan Lê, Quách Bình.</p>', 'public\\images\\plays\\12BaMu.jpg', 'IDE', 0),
('IDE04', 'LƯƠNG SƠN BÁ CHÚC ANH ĐÀI ngoại truyện', '<p><i>Lương Sơn Bá Chúc Anh Đài ngoại truyện</i></p><p>&nbsp;</p><p><strong>Tác giả</strong>: Trung Tín<br><strong>Đạo diễn</strong>: Đình Toàn<br><strong>Diễn viên</strong>: Đình Toàn - Trà Ngọc - Đại Nghĩa - Đông Hải - Cẩm Hò - Trịnh Minh Dũng - Quang Thảo - Mỹ Duyên - Quốc Tuấn - Phi Nga - Tâm Anh - Quách Bình - Trung Tín - Mai Phượng - Thiên Trang - Việt Trang.</p>', 'public\\images\\plays\\LuongSonBa.jpg', 'IDE', 0),
('IDE05', 'TẤM CÁM ĐẠI CHIẾN!', '<p>- <strong>Tác giả</strong>: Bảo Ngọc - Hùng Lâm</p><p>- <strong>Đạo diễn</strong>: Hùng Lâm</p><p>- <strong>Diễn viên</strong>: Đình Toàn, Đại Nghĩa, Tuyền Mập, Mỹ Duyên, Hòa Hiệp, Bạch Long, Trịnh Minh Dũng, Đông Hải, Tâm Anh, Mai Phượng, Thiên Trang, Cẩm Hò, Việt Trang và Nhà Hát Thiếu Nhi Nụ Cười</p>', 'public\\images\\plays\\TamCamDaiChien.jpg', 'IDE', 0),
('IDE06', 'THUỐC ĐẮNG GIÃ TẬT', '<p><i>THUỐC ĐẮNG GIÃ TẬT</i></p><p>- <strong>Tác giả</strong>: Nguyễn Quốc</p><p>- <strong>Đạo diễn</strong>: Hùng Lâm</p><p>- <strong>Diễn viên</strong>: Đại Nghĩa, Mỹ Duyên, Đình Toàn, Đông Hải, Cẩm Hò, Tâm Anh, Mai Phượng, Quốc Tuấn, Bảo Cường, Phước Lộc, Quách Bình...</p>', 'public\\images\\plays\\ThuocDangGiaTat.jpg', 'IDE', 0),
('IDE07', 'Dưới Bóng Giai Nhân', '<p><i>Dưới Bóng Giai Nhân sẽ là một cách kể khác về Kiều và những cái tên tưởng chừng như đã rất quen thuộc. Thêm vào đó một số nhân vật và sự kiện hư cấu không có trong nguyên tác.</i></p><p>- <strong>Tác Giả</strong>: Quang Thảo</p><p>- <strong>Đạo Diễn</strong>: Quang Thảo</p><p>- <strong>Diễn Viên</strong>: Thanh Thủy, Hồng Ánh, Hoàng Trinh, Mỹ Duyên, Tuyền Mập, Bạch Long, Đình Toàn, Đại Nghĩa, Công Danh, Trịnh Minh Dũng, Phạm Hùng, Kan Lê, Ngọc Nguyên, Minh Sang, Hữu Đạt, Phạm Hạnh, Thanh Anh, Trúc My, Bích Trâm, Bảo Cường, Nhà Hát Thiếu Nhi NỤ CƯỜI với sự góp mặt đặc biệt của NS Diệu Đức.</p>', 'public\\images\\plays\\DuoiBongGiaiNhan.jpg', 'IDE', 0),
('IDE08', 'Cái gì Vui Vẻ thì mình Ưu Tiên', '<p><i>Cái gì <strong>Vui Vẻ</strong> thì mình <strong>Ưu Tiên</strong></i><br><br>Tác giả và Đạo diễn: <strong>Tâm Anh</strong><br>Diễn viên: <strong>Quang Thảo, Hoàng Trinh, Thanh Thủy, Quốc Thịnh, Đình Toàn, Hồng Ánh, Đại Nghĩa, Ngọc Nguyên, Tuyền Mập, Cẩm Hò, Hữu Đạt, Kan Lê, Minh Sang, Trúc My, Kim Thanh.</strong></p>', 'public\\images\\plays\\CaigiVUIVE.jpg', 'IDE', 0),
('SKN00', 'Kịch thiếu nhi \"ĐẠI NÁO LONG CUNG\"', '<p><strong>Kịch ca nhạc thiếu nhi \"ĐẠI NÁO LONG CUNG\"</strong></p><p><strong>Tóm tắt nội dung: </strong>\"Long Cung đang dành cho nhau những lời chúc tốt đẹp ngày xuân thì “sinh vật lạ” xuất hiện. Ông Bảy Điện bất ngờ xuống Thủy Cung tìm chiến lợi phẩm, săn bắt vô tội vạ làm ảnh hưởng đến biển cả. Thái Tử cùng những người bạn phải đoàn kết để bảo vệ ngôi nhà chung của Mẹ Thiên Nhiên. Vở kịch mang lại không khí rộn ràng, cùng nhiều tiết mục âm nhạc tưng bừng, trang phục đầy màu sắc!\"</p>', 'public\\images\\plays\\DaiNaoLongCung.jpg', 'SKN', 0),
('SKN01', 'Kịch thiếu nhi \"CÂY BÚT THẦN\"', '<p><strong>Kịch ca nhạc - dân gian - ảo thuật thiếu nhi \"CÂY BÚT THẦN\"</strong></p><p><strong>- Tác giả:</strong> Huỳnh Ngân</p><p><strong>- Đạo diễn:</strong> Nguyễn Huỳnh Nhu</p><p><strong>- Cố vấn nghệ thuật:</strong> NSND Mỹ Uyên</p><p><strong>- Chỉ đạo nghệ thuật:</strong> NSND Trần Ngọc Giàu</p><p><strong>- Với thành phần các nghệ sĩ - diễn viên tham gia:</strong> NSND Mỹ Uyên, Minh Quốc, Nguyễn Huỳnh Nhu, Kỳ Thiên Cảnh, Huỳnh Ngân, Nguyễn Hồng Đào, Lâm Thắng, Huy Hoàng, Duy Hakoota, bé Annie Bùi Thiên Kim, bé Trần Gia Hân, Huỳnh Thiện Trung, bé Phạm Xuân Nghi, Quốc Cường, Minh Quốc, Cao Anh Kim, Minh Đức, Hồng Công, Minh Hùng...</p><p><strong>- Tóm tắt nội dung:</strong> Chàng trai Mã Lương tốt bụng và thật thà được Bà Tiên tặng cho Cây Bút Thần, có khả năng vẽ gì được nấy. Tên Phú Ông trong vùng nghe được câu chuyện nên lập mưu, dụ dỗ chàng vẽ ra núi vàng biển bạc. Tuy nhiên, lòng tham của gã sớm bị phát hiện. Mã Lương cùng những người bạn tinh nghịch dạy cho lão Phú Ông bài học nhớ đời. Nhiều ca khúc dân gian vui nhộn được lồng ghép, kèm tiết mục ảo thuật và nhiều món quà đầu năm.</p>', 'public\\images\\plays\\CayButThan.jpg', 'SKN', 0),
('SKN02', 'Kịch thiếu nhi \"TRẠM CỨU HỘ ĐỘNG VẬT\"', '<p><strong>Kịch ca nhạc - ảo thuật thiếu nhi \"TRẠM CỨU HỘ ĐỘNG VẬT\"</strong></p><p><strong>Giám đốc sản xuất:</strong> <i>Đặng Thụy Mỹ Uyên</i></p><p><strong>Tác giả:</strong> <i>Vương Huyền Cơ</i></p><p><strong>Biên tập - Đạo diễn:</strong> <i>Minh Quốc - Trần Tuấn Kiệt</i></p><p><strong>Với sự tham gia của các nghệ sĩ - diễn viên:</strong> <i>NSND Mỹ Uyên, Minh Quốc, Nguyễn Hồng Đào, Trần Tuấn Kiệt, Minh Thảo, Kỳ Thiên Cảnh, Nguyễn Minh Thảo, Huỳnh Nhu, Tuyết Oanh, Quốc Cường, Khánh Đăng, Duy Hakoota, Thu Cúc, bé Gia Hân, bé Cao Anh Kim, bé Thiên Kim, Minh Đức...</i></p><p><strong>Tóm tắt nội dung:</strong> Muôn loài động vật sinh sống hòa hợp giữa rừng xanh, làm bạn cùng cô y tá tốt bụng. Một ngày, tất cả phải bắt tay nhau, đoàn kết phá vỡ âm mưu bắt cóc của nhóm thợ săn, bảo vệ sự phát triển bền vững của tự nhiên. Vở kịch 120 phút tưng bừng, nhiều ca khúc, vũ đạo vui nhộn với phần trình diễn ảo thuật của nghệ sỹ Huỳnh Nhu.</p>', 'public\\images\\plays\\TramCuuHoDV.jpg', 'SKN', 0),
('THM00', 'CẦU DỪA ĐỦ XÀI', '<p><strong>Giới thiệu sự kiện:</strong></p><p><strong>\"CẦU DỪA ĐỦ XÀI\"</strong></p><p><strong>Chi tiết sự kiện:</strong></p><ul><li><strong>GỒM CÁC DIỄN VIÊN :</strong> NSƯT MINH NHÍ, VIỆT HƯƠNG, PHƯƠNG DUNG, LÊ QUỐC NAM, HỨA MINH ĐẠT, PHƯƠNG BÌNH, CA SĨ TIM, TRUNG TÍN, DI DƯƠNG, HIỀN NGUYỄN, THẠCH THẢO, BẢO BẢO, VÕ MINH KHẢI, TUYẾT NHUNG, BÉ HUY ANH VÀ CÁC DIỄN VIÊN TRẺ CỦA SÂN KHẤU NGHỆ THUẬT TRƯƠNG HÙNG MINH.&nbsp;</li></ul><p>📌 Thể loại: <strong>HÀI KỊCH</strong></p><p>📌 Tác giả: <strong>DANH THANH LUÂN</strong></p><p>📌 Đạo diễn:<strong> LÊ QUỐC NAM</strong></p><p>📌 Cố vấn nghệ thuật: <strong>NSND Trần Ngọc Giàu</strong></p><p>📌 Giám đốc sản xuất:<strong> NSƯT Minh Nhí</strong></p><p>📌 Thiết kế sân khấu: <strong>ĐÌNH VŨ</strong></p><p>📌 Hóa Trang: <strong>Nam Hoàng Trịnh</strong></p>', 'public\\images\\plays\\CauDuaDuXai.jpg', 'THM', 0),
('THM01', 'NGÀY MAI NGƯỜI TA LẤY CHỒNG', '<p><strong>\"Ngày mai người ta lấy chồng\"</strong> vở hài náo kịch nói về sự oan gia ngõ hẹp, mâu thuẫn ngang trái giữa hai gia đình sui gia.</p><p>Với kịch đậm chất hài kịch này được thể hiện bởi bởi các nghệ sỹ, diễn viên nổi tiếng như : Minh Nhí, Trung Dân, Thái Vinh, Bình Tinh, Chánh Trực, Gia Bảo, Hiền Nguyễn, Diva Cát Thy, Bảo Bảo, Võ Minh Khải, Di Dương, Năm Chà, Duy Vũ, Quách Thành Nhân và các diễn viên trẻ Sân khấu nghệ thuật Trương Hùng Minh.</p><p>📌 Thể loại: Hài kịch&nbsp;</p><p>📌 Tác giả: Trần Văn Hưng</p><p>📌 Đạo diễn: Gia Bảo</p><p>📌 Cố vấn nghệ thuật: NSND Trần Ngọc Giàu</p><p>📌 Giám đốc sản xuất: NSƯT Minh Nhí</p><p>📌 Thiết kế sân khấu: Trần Hồng Vân</p><p>📌 Hóa Trang: Nam Hoàng Trịnh</p>', 'public\\images\\plays\\NgtaLayChong.jpg', 'THM', 0),
('THM02', 'BỖNG DƯNG TRÚNG SỐ', '<p><strong>Giới thiệu sự kiện:</strong></p><p><strong>\"BỖNG DƯNG TRÚNG SỐ\"</strong></p><p><strong>Chi tiết sự kiện:</strong></p><ul><li><strong>GỒM CÁC DIỄN VIÊN :</strong> MINH NHÍ, BÌNH TINH, TRUNG DÂN, HỮU QUỐC, HỨA MINH ĐẠT, PHAN THỊ MƠ, GIA BẢO, BẢO BẢO, DI DƯƠNG, THẠCH THẢO VÀ CÙNG CÁC DIỄN VIÊN TRẺ SÂN KHẤU TRƯƠNG HÙNG MINH.</li></ul><p>📌 Thể loại: HÀI NÁO KỊCH</p><p>📌 Tác giả:&nbsp;</p><p>📌 Đạo diễn: Gia Bảo</p><p>📌 Cố vấn nghệ thuật: NSND Trần Ngọc Giàu</p><p>📌 Giám đốc sản xuất: NSƯT Minh Nhí</p><p>📌 Thiết kế sân khấu:&nbsp;</p><p>📌 Hóa Trang: Nam Hoàng Trịnh</p>', 'public\\images\\plays\\BongDungTrungSo.jpg', 'THM', 0),
('THN00', 'Đại Minh Tinh', '<p><i>Tác giả:</i> <strong>Nguyễn Duy Xăng - Hiếu Nghĩa - Long Duy</strong></p><p><i>Đạo diễn:</i>&nbsp; <strong>Hồng Ngọc</strong></p><p><i>Diễn viên:</i><strong> NSƯT Tú Sương, Khương Ngọc, Hải Triều, Long Chun, Tuấn Kiệt, Mai Bảo Vinh, Huỳnh Nhựt, Tạ Lâm, Ngọc Phước, Huỳnh Thi, Lê Nghĩa, Thắng Tăng, Tuấn Tú, Thiện Luân, Mộng Huyền, Bảo Hân, Nhật Vi, Kiến Tân, Anh Quân, Đức Thành.</strong></p>', 'public\\images\\plays\\DaiMinhTinh.jpg', 'THN', 0),
('THN01', 'Đại Hội Yêu Quái - 7 Con Yêu Nhền Nhện', '<p><strong>- </strong><i><strong>Tác giả:</strong></i><strong>&nbsp;Nguyễn Duy Xăng&nbsp;- Hiếu Nghĩa</strong></p><p><strong>- </strong><i><strong>Đạo diễn:</strong></i><strong>&nbsp;Hồng Ngọc</strong></p><p><strong>- </strong><i><strong>Diễn viên:</strong></i><strong>&nbsp;Khương Ngọc, BB Trần,&nbsp;Hải Triều, Ngọc Phước,&nbsp;Tuấn Kiệt, Mai Bảo Vinh, Vương Chí Nam,&nbsp;Huỳnh Nhựt, Hoàng Anh Panda, Duy Tiến, Lê Nghĩa, Thắng Tăng, Đức Long, Gia Phúc, Nhã Uyên, Huyền Duy, Mai Quỳnh Trang, Tuấn Tú, Mai Tuấn Anh, Bạch Ngân.</strong></p>', 'public\\images\\plays\\7NhenNhen.jpg', 'THN', 0),
('THN02', 'Thanh Xà Bạch Xà ngoại truyện', '<p><strong>-&nbsp;</strong><i><strong>Tác giả:</strong></i><strong> Phan Ngọc Liên</strong><br><strong>- </strong><i><strong>Đạo diễn:</strong></i><strong> Ngọc Hùng</strong><br><strong>- </strong><i><strong>Diễn viên:</strong></i><strong> Khương Ngọc, Mai Bảo Vinh, Hải Triều, Tuấn Kiệt, Long Chun, Kim Nhã, Lê Nguyên Bảo, Lê Nghĩa, Lê Sơn, Duy Tiến, Giỏi Lee, Hoàng Anh Panda, Huỳnh Nhựt, Mai Quỳnh Trang, Phạm Gia Minh, Nhã Uyên&nbsp;</strong></p>', 'public\\images\\plays\\ThanhXaBachXa.jpg', 'THN', 0),
('THN03', 'Lạc lối ở BangKok', '<p>- <strong>Tác giả</strong>: Nguyễn Bảo Ngọc</p><p>- <strong>Đạo diễn</strong>: Hồng Ngọc</p><p>- <strong>Diễn viên</strong>: Khương Ngọc, BB Trần, Ngọc Phước, Tuấn Kiệt, Long Chun, Bé 7, Mai Bảo Vinh, Duy Tiến, Huỳnh Thi, Tạ Lâm, Vương Chí Nam, Mạnh Lân, Phạm Gia Minh...</p>', 'public\\images\\plays\\LacLoiBangkok.jpg', 'THN', 0),
('THN04', 'Tung Hoành Pattaya', '<p><strong>Tác giả</strong>: Nguyễn Duy Xăng - Hiếu Nghĩa - Long Duy</p><p><strong>Đạo diễn</strong>: &nbsp;Hồng Ngọc</p><p><strong>Diễn viên</strong>: Huỳnh Nhựt, Hải Triều, Tuấn Kiệt, Mai Bảo Vinh, Long Chun, Bé 7, Giỏi Lee, Duy Tiến, Huỳnh Thi, Huyền Duy, Lê Nghĩa và Khương Ngọc.</p>', 'public\\images\\plays\\TungHoanhPattaya.jpg', 'THN', 0),
('THĐ00', 'CÔ GIÁO DUYÊN', '<p><i><strong>Sân khấu Nghệ Thuật Thiên Đăng&nbsp;</strong></i>&nbsp;trân trọng giới thiệu đến quý khán giả vở hài kịch <strong>\"CÔ&nbsp;GIÁO DUYÊN\"</strong>&nbsp;&nbsp;</p><p>Cảm tác từ tác phẩm :&nbsp;\"Ngôi nhà không có đàn ông\" của cố tác giả - nhà văn NGỌC LINH</p><p><i><strong>Tác giả : Nguyễn Ngọc Thạch - Lê Hoàng Giang</strong></i></p><p><i><strong>Đạo diễn : Lê Hoàng Giang</strong></i></p><p><i><strong>Đạo diễn âm nhạc : Trương Anh Khoa</strong></i></p><p>Với sự tham gia của các Nghệ sỹ:<strong> &nbsp;NSND KIM XUÂN, NSƯT THÀNH LỘC - VÂN TRANG - LÊ PHƯƠNG - NGỌC XUYÊN - LÊ HOÀNG GIANG - PHI PHỤNG - DON NGUYỄN - MAI THANH TÚ - HOÀNG PHONG - THU HƯỜNG - HOÀNG MINH THƯ.</strong></p><p><strong>Trân trọng kính mời quý khán giả.</strong></p>', 'public\\images\\plays\\CoGiaoDuyen.jpg', 'THĐ', 0),
('THĐ01', 'NGŨ QUÝ TƯƠNG PHÙNG', '<p>Sân khấu Nghệ Thuật Thiên Đăng trân trọng giới thiệu đến quý khán giả vở hài kịch dân gian \"NGŨ QUÝ TƯƠNG PHÙNG\"</p><p>&nbsp;<strong>-- Phiên Bản Mới Nhất --&nbsp;</strong></p><p>Tác giả: TUẤN KHÔI - HƯƠNG GIANG&nbsp;</p><p>Đạo diễn: TUẤN KHÔI&nbsp;</p><p>Với sự tham gia của các nghệ sĩ: NSƯT THÀNH LỘC, NSƯT HỮU CHÂU, LƯƠNG THẾ THÀNH, HƯƠNG GIANG, HUY TỨ, TRƯƠNG HẠ, QUỐC TRUNG, KIỀU NGÂN, TRANG TUYỀN, MẠNH HÙNG, HOÀNG KHANH&nbsp;</p><p>Trân trọng kính mời quý khán giả. Sự kiện có xuất VAT. Khách hàng lưu ý gửi thông tin cần thiết trong vòng 24h kể từ khi mua vé để được hỗ trợ. Sau thời gian trên, BTC xin phép được từ chối xuất hoá đơn. Trẻ em từ 8 tuổi trở lên sẽ có thể mua vé tham dự vờ diễn.</p>', 'public\\images\\plays\\NguQuyTuongPhung.jpg', 'THĐ', 0),
('THĐ02', 'CHUYẾN ĐÒ ĐỊNH MỆNH', '<p>Sân khấu Kịch Thiên Đăng trân trọng giới thiệu vở diễn MỚI NHẨT \"CHUYẾN ĐÒ ĐỊNH MỆNH\"&nbsp;</p><p>Tác phẩm mới được dàn dựng bởi <strong>Đạo diễn - Nhà Giáo - NSND TRẦN MINH NGỌC&nbsp;</strong></p><p><strong>Tác giả</strong> : NGUYỄN HUY THIỆP&nbsp;</p><p>Với sự tham gia của các diễn viên: NSUT THÀNH LỘC - NSUT HỮU CHÂU - NSƯT MẠNH HÙNG Các diễn viên: HƯƠNG GIANG, TRANG TUYỀN, LƯƠNG THẾ THÀNH, HỒNG NGỌC, HOÀNG KHANH&nbsp;</p><p>Sự kiện có xuất VAT. Khách hàng lưu ý gửi thông tin cần thiết trong vòng 24h kể từ khi mua vé để được hỗ trợ. Sau thời gian trên, BTC xin phép được từ chối xuất hoá đơn. Trẻ em từ 8 tuổi trở lên sẽ có thể mua vé tham dự vờ diễn. Trân trọng kính mời quý khách!</p>', 'public\\images\\plays\\ChuyenDoDM.jpg', 'THĐ', 0),
('THĐ03', 'NHỮNG CON MA NHÀ HÁT', '<p><strong>Sân khấu Thiên Đăng trân trọng giới thiệu phiên bản MỚI nhất vở diễn :&nbsp; \"NHỮNG CON MA NHÀ HÁT\"</strong></p><p>Tác giả: LÊ HOÀNG</p><p>Đạo diễn : NSƯT THÀNH LỘC</p><p>Đây sẽ là tác phẩm hài kịch châm biến, mới lạ được NSƯT Thành Lộc chỉ huy công tác dàn dựng bên cạnh nghệ thuật diễn xuất.</p><p>Với sự tham gia của các diễn viên: NSƯT Thành Lộc, NSƯT Hữu Châu, Hương Giang, Trương Hạ, Hồ Giang Bảo Sơn, Trang Tuyền, Mạnh Hùng, Minh Thư, Huy An, Yến Nhi, Hữu Khang, Tuyết Trinh, Nhật Minh, Trần Trung, Hoàng Phong, Khải Nguyên, Sơn Giang.&nbsp;</p><p>Trân trọng kính mời quý khán giả!</p>', 'public\\images\\plays\\MaNhaHat.jpg', 'THĐ', 0);

-- --------------------------------------------------------

--
-- Cấu trúc bảng cho bảng `schedules`
--

CREATE TABLE `schedules` (
  `play_id` varchar(5) NOT NULL,
  `date` date NOT NULL,
  `start_time` time NOT NULL,
  `end_time` time NOT NULL
) ENGINE=InnoDB DEFAULT CHARSET=utf8mb4 COLLATE=utf8mb4_general_ci;

--
-- Đang đổ dữ liệu cho bảng `schedules`
--

INSERT INTO `schedules` (`play_id`, `date`, `start_time`, `end_time`) VALUES
('IDE00', '2025-06-09', '16:00:00', '19:00:00'),
('IDE01', '2025-06-11', '19:30:00', '22:30:00'),
('IDE02', '2025-05-13', '19:30:00', '22:30:00'),
('IDE03', '2025-05-14', '19:30:00', '22:30:00'),
('IDE04', '2025-05-15', '19:30:00', '22:30:00'),
('IDE05', '2025-06-16', '18:00:00', '21:00:00'),
('IDE06', '2025-06-20', '19:30:00', '22:30:00'),
('IDE07', '2025-05-22', '19:30:00', '22:30:00'),
('IDE08', '2025-04-23', '18:00:00', '21:00:00'),
('SKN00', '2025-05-15', '15:00:00', '17:00:00'),
('SKN01', '2025-04-23', '15:00:00', '17:00:00'),
('SKN02', '2025-04-29', '15:00:00', '17:00:00'),
('THM00', '2025-06-09', '19:30:00', '22:30:00'),
('THM01', '2025-05-22', '19:30:00', '22:30:00'),
('THM02', '2025-04-23', '19:30:00', '22:30:00'),
('THN00', '2025-05-05', '17:00:00', '19:00:00'),
('THN01', '2025-04-28', '19:00:00', '21:00:00'),
('THN02', '2025-05-08', '19:00:00', '21:00:00'),
('THN03', '2025-06-12', '20:00:00', '23:00:00'),
('THN04', '2025-05-14', '19:00:00', '21:00:00'),
('THĐ00', '2025-07-01', '19:30:00', '22:30:00'),
('THĐ01', '2025-05-20', '19:30:00', '22:30:00'),
('THĐ02', '2025-06-22', '19:30:00', '22:00:00'),
('THĐ03', '2025-04-23', '18:00:00', '20:00:00'),
('THĐ03', '2025-04-30', '18:00:00', '20:00:00');

-- --------------------------------------------------------

--
-- Cấu trúc bảng cho bảng `seats`
--

CREATE TABLE `seats` (
  `theater_id` varchar(3) NOT NULL,
  `play_id` varchar(5) NOT NULL,
  `seat_id` varchar(3) NOT NULL,
  `status` enum('Available','Pending','Booked') DEFAULT 'Available'
) ENGINE=InnoDB DEFAULT CHARSET=utf8mb4 COLLATE=utf8mb4_general_ci;

--
-- Đang đổ dữ liệu cho bảng `seats`
--

INSERT INTO `seats` (`theater_id`, `play_id`, `seat_id`, `status`) VALUES
('IDE', 'IDE00', 'A1', 'Available'),
('IDE', 'IDE00', 'A10', 'Available'),
('IDE', 'IDE00', 'A2', 'Available'),
('IDE', 'IDE00', 'A3', 'Available'),
('IDE', 'IDE00', 'A4', 'Available'),
('IDE', 'IDE00', 'A5', 'Available'),
('IDE', 'IDE00', 'A6', 'Available'),
('IDE', 'IDE00', 'A7', 'Available'),
('IDE', 'IDE00', 'A8', 'Available'),
('IDE', 'IDE00', 'A9', 'Available'),
('IDE', 'IDE00', 'B1', 'Available'),
('IDE', 'IDE00', 'B10', 'Available'),
('IDE', 'IDE00', 'B2', 'Available'),
('IDE', 'IDE00', 'B3', 'Available'),
('IDE', 'IDE00', 'B4', 'Available'),
('IDE', 'IDE00', 'B5', 'Available'),
('IDE', 'IDE00', 'B6', 'Available'),
('IDE', 'IDE00', 'B7', 'Available'),
('IDE', 'IDE00', 'B8', 'Available'),
('IDE', 'IDE00', 'B9', 'Available'),
('IDE', 'IDE00', 'C1', 'Available'),
('IDE', 'IDE00', 'C10', 'Available'),
('IDE', 'IDE00', 'C2', 'Available'),
('IDE', 'IDE00', 'C3', 'Available'),
('IDE', 'IDE00', 'C4', 'Available'),
('IDE', 'IDE00', 'C5', 'Available'),
('IDE', 'IDE00', 'C6', 'Available'),
('IDE', 'IDE00', 'C7', 'Available'),
('IDE', 'IDE00', 'C8', 'Available'),
('IDE', 'IDE00', 'C9', 'Available'),
('IDE', 'IDE00', 'D1', 'Available'),
('IDE', 'IDE00', 'D10', 'Available'),
('IDE', 'IDE00', 'D2', 'Available'),
('IDE', 'IDE00', 'D3', 'Available'),
('IDE', 'IDE00', 'D4', 'Available'),
('IDE', 'IDE00', 'D5', 'Available'),
('IDE', 'IDE00', 'D6', 'Available'),
('IDE', 'IDE00', 'D7', 'Available'),
('IDE', 'IDE00', 'D8', 'Available'),
('IDE', 'IDE00', 'D9', 'Available'),
('IDE', 'IDE00', 'E1', 'Available'),
('IDE', 'IDE00', 'E10', 'Available'),
('IDE', 'IDE00', 'E2', 'Available'),
('IDE', 'IDE00', 'E3', 'Available'),
('IDE', 'IDE00', 'E4', 'Available'),
('IDE', 'IDE00', 'E5', 'Available'),
('IDE', 'IDE00', 'E6', 'Available'),
('IDE', 'IDE00', 'E7', 'Available'),
('IDE', 'IDE00', 'E8', 'Available'),
('IDE', 'IDE00', 'E9', 'Available'),
('IDE', 'IDE01', 'A1', 'Available'),
('IDE', 'IDE01', 'A10', 'Available'),
('IDE', 'IDE01', 'A2', 'Available'),
('IDE', 'IDE01', 'A3', 'Available'),
('IDE', 'IDE01', 'A4', 'Available'),
('IDE', 'IDE01', 'A5', 'Available'),
('IDE', 'IDE01', 'A6', 'Available'),
('IDE', 'IDE01', 'A7', 'Available'),
('IDE', 'IDE01', 'A8', 'Available'),
('IDE', 'IDE01', 'A9', 'Available'),
('IDE', 'IDE01', 'B1', 'Available'),
('IDE', 'IDE01', 'B10', 'Available'),
('IDE', 'IDE01', 'B2', 'Available'),
('IDE', 'IDE01', 'B3', 'Available'),
('IDE', 'IDE01', 'B4', 'Available'),
('IDE', 'IDE01', 'B5', 'Available'),
('IDE', 'IDE01', 'B6', 'Available'),
('IDE', 'IDE01', 'B7', 'Available'),
('IDE', 'IDE01', 'B8', 'Available'),
('IDE', 'IDE01', 'B9', 'Available'),
('IDE', 'IDE01', 'C1', 'Available'),
('IDE', 'IDE01', 'C10', 'Available'),
('IDE', 'IDE01', 'C2', 'Available'),
('IDE', 'IDE01', 'C3', 'Available'),
('IDE', 'IDE01', 'C4', 'Available'),
('IDE', 'IDE01', 'C5', 'Available'),
('IDE', 'IDE01', 'C6', 'Available'),
('IDE', 'IDE01', 'C7', 'Available'),
('IDE', 'IDE01', 'C8', 'Available'),
('IDE', 'IDE01', 'C9', 'Available'),
('IDE', 'IDE01', 'D1', 'Available'),
('IDE', 'IDE01', 'D10', 'Available'),
('IDE', 'IDE01', 'D2', 'Available'),
('IDE', 'IDE01', 'D3', 'Available'),
('IDE', 'IDE01', 'D4', 'Available'),
('IDE', 'IDE01', 'D5', 'Available'),
('IDE', 'IDE01', 'D6', 'Available'),
('IDE', 'IDE01', 'D7', 'Available'),
('IDE', 'IDE01', 'D8', 'Available'),
('IDE', 'IDE01', 'D9', 'Available'),
('IDE', 'IDE01', 'E1', 'Available'),
('IDE', 'IDE01', 'E10', 'Available'),
('IDE', 'IDE01', 'E2', 'Available'),
('IDE', 'IDE01', 'E3', 'Available'),
('IDE', 'IDE01', 'E4', 'Available'),
('IDE', 'IDE01', 'E5', 'Available'),
('IDE', 'IDE01', 'E6', 'Available'),
('IDE', 'IDE01', 'E7', 'Available'),
('IDE', 'IDE01', 'E8', 'Available'),
('IDE', 'IDE01', 'E9', 'Available'),
('IDE', 'IDE02', 'A1', 'Available'),
('IDE', 'IDE02', 'A10', 'Available'),
('IDE', 'IDE02', 'A2', 'Available'),
('IDE', 'IDE02', 'A3', 'Available'),
('IDE', 'IDE02', 'A4', 'Available'),
('IDE', 'IDE02', 'A5', 'Available'),
('IDE', 'IDE02', 'A6', 'Available'),
('IDE', 'IDE02', 'A7', 'Available'),
('IDE', 'IDE02', 'A8', 'Available'),
('IDE', 'IDE02', 'A9', 'Available'),
('IDE', 'IDE02', 'B1', 'Available'),
('IDE', 'IDE02', 'B10', 'Available'),
('IDE', 'IDE02', 'B2', 'Available'),
('IDE', 'IDE02', 'B3', 'Available'),
('IDE', 'IDE02', 'B4', 'Available'),
('IDE', 'IDE02', 'B5', 'Available'),
('IDE', 'IDE02', 'B6', 'Available'),
('IDE', 'IDE02', 'B7', 'Available'),
('IDE', 'IDE02', 'B8', 'Available'),
('IDE', 'IDE02', 'B9', 'Available'),
('IDE', 'IDE02', 'C1', 'Available'),
('IDE', 'IDE02', 'C10', 'Available'),
('IDE', 'IDE02', 'C2', 'Available'),
('IDE', 'IDE02', 'C3', 'Available'),
('IDE', 'IDE02', 'C4', 'Available'),
('IDE', 'IDE02', 'C5', 'Available'),
('IDE', 'IDE02', 'C6', 'Available'),
('IDE', 'IDE02', 'C7', 'Available'),
('IDE', 'IDE02', 'C8', 'Available'),
('IDE', 'IDE02', 'C9', 'Available'),
('IDE', 'IDE02', 'D1', 'Available'),
('IDE', 'IDE02', 'D10', 'Available'),
('IDE', 'IDE02', 'D2', 'Available'),
('IDE', 'IDE02', 'D3', 'Available'),
('IDE', 'IDE02', 'D4', 'Available'),
('IDE', 'IDE02', 'D5', 'Available'),
('IDE', 'IDE02', 'D6', 'Available'),
('IDE', 'IDE02', 'D7', 'Available'),
('IDE', 'IDE02', 'D8', 'Available'),
('IDE', 'IDE02', 'D9', 'Available'),
('IDE', 'IDE02', 'E1', 'Available'),
('IDE', 'IDE02', 'E10', 'Available'),
('IDE', 'IDE02', 'E2', 'Available'),
('IDE', 'IDE02', 'E3', 'Available'),
('IDE', 'IDE02', 'E4', 'Available'),
('IDE', 'IDE02', 'E5', 'Available'),
('IDE', 'IDE02', 'E6', 'Available'),
('IDE', 'IDE02', 'E7', 'Available'),
('IDE', 'IDE02', 'E8', 'Available'),
('IDE', 'IDE02', 'E9', 'Available'),
('IDE', 'IDE03', 'A1', 'Available'),
('IDE', 'IDE03', 'A10', 'Available'),
('IDE', 'IDE03', 'A2', 'Available'),
('IDE', 'IDE03', 'A3', 'Available'),
('IDE', 'IDE03', 'A4', 'Available'),
('IDE', 'IDE03', 'A5', 'Available'),
('IDE', 'IDE03', 'A6', 'Available'),
('IDE', 'IDE03', 'A7', 'Available'),
('IDE', 'IDE03', 'A8', 'Available'),
('IDE', 'IDE03', 'A9', 'Available'),
('IDE', 'IDE03', 'B1', 'Available'),
('IDE', 'IDE03', 'B10', 'Available'),
('IDE', 'IDE03', 'B2', 'Available'),
('IDE', 'IDE03', 'B3', 'Available'),
('IDE', 'IDE03', 'B4', 'Available'),
('IDE', 'IDE03', 'B5', 'Available'),
('IDE', 'IDE03', 'B6', 'Available'),
('IDE', 'IDE03', 'B7', 'Available'),
('IDE', 'IDE03', 'B8', 'Available'),
('IDE', 'IDE03', 'B9', 'Available'),
('IDE', 'IDE03', 'C1', 'Available'),
('IDE', 'IDE03', 'C10', 'Available'),
('IDE', 'IDE03', 'C2', 'Available'),
('IDE', 'IDE03', 'C3', 'Available'),
('IDE', 'IDE03', 'C4', 'Available'),
('IDE', 'IDE03', 'C5', 'Available'),
('IDE', 'IDE03', 'C6', 'Available'),
('IDE', 'IDE03', 'C7', 'Available'),
('IDE', 'IDE03', 'C8', 'Available'),
('IDE', 'IDE03', 'C9', 'Available'),
('IDE', 'IDE03', 'D1', 'Available'),
('IDE', 'IDE03', 'D10', 'Available'),
('IDE', 'IDE03', 'D2', 'Available'),
('IDE', 'IDE03', 'D3', 'Available'),
('IDE', 'IDE03', 'D4', 'Available'),
('IDE', 'IDE03', 'D5', 'Available'),
('IDE', 'IDE03', 'D6', 'Available'),
('IDE', 'IDE03', 'D7', 'Available'),
('IDE', 'IDE03', 'D8', 'Available'),
('IDE', 'IDE03', 'D9', 'Available'),
('IDE', 'IDE03', 'E1', 'Available'),
('IDE', 'IDE03', 'E10', 'Available'),
('IDE', 'IDE03', 'E2', 'Available'),
('IDE', 'IDE03', 'E3', 'Available'),
('IDE', 'IDE03', 'E4', 'Available'),
('IDE', 'IDE03', 'E5', 'Available'),
('IDE', 'IDE03', 'E6', 'Available'),
('IDE', 'IDE03', 'E7', 'Available'),
('IDE', 'IDE03', 'E8', 'Available'),
('IDE', 'IDE03', 'E9', 'Available'),
('IDE', 'IDE04', 'A1', 'Available'),
('IDE', 'IDE04', 'A10', 'Available'),
('IDE', 'IDE04', 'A2', 'Available'),
('IDE', 'IDE04', 'A3', 'Available'),
('IDE', 'IDE04', 'A4', 'Available'),
('IDE', 'IDE04', 'A5', 'Available'),
('IDE', 'IDE04', 'A6', 'Available'),
('IDE', 'IDE04', 'A7', 'Available'),
('IDE', 'IDE04', 'A8', 'Available'),
('IDE', 'IDE04', 'A9', 'Available'),
('IDE', 'IDE04', 'B1', 'Available'),
('IDE', 'IDE04', 'B10', 'Available'),
('IDE', 'IDE04', 'B2', 'Available'),
('IDE', 'IDE04', 'B3', 'Available'),
('IDE', 'IDE04', 'B4', 'Available'),
('IDE', 'IDE04', 'B5', 'Available'),
('IDE', 'IDE04', 'B6', 'Available'),
('IDE', 'IDE04', 'B7', 'Available'),
('IDE', 'IDE04', 'B8', 'Available'),
('IDE', 'IDE04', 'B9', 'Available'),
('IDE', 'IDE04', 'C1', 'Available'),
('IDE', 'IDE04', 'C10', 'Available'),
('IDE', 'IDE04', 'C2', 'Available'),
('IDE', 'IDE04', 'C3', 'Available'),
('IDE', 'IDE04', 'C4', 'Available'),
('IDE', 'IDE04', 'C5', 'Available'),
('IDE', 'IDE04', 'C6', 'Available'),
('IDE', 'IDE04', 'C7', 'Available'),
('IDE', 'IDE04', 'C8', 'Available'),
('IDE', 'IDE04', 'C9', 'Available'),
('IDE', 'IDE04', 'D1', 'Available'),
('IDE', 'IDE04', 'D10', 'Available'),
('IDE', 'IDE04', 'D2', 'Available'),
('IDE', 'IDE04', 'D3', 'Available'),
('IDE', 'IDE04', 'D4', 'Available'),
('IDE', 'IDE04', 'D5', 'Available'),
('IDE', 'IDE04', 'D6', 'Available'),
('IDE', 'IDE04', 'D7', 'Available'),
('IDE', 'IDE04', 'D8', 'Available'),
('IDE', 'IDE04', 'D9', 'Available'),
('IDE', 'IDE04', 'E1', 'Available'),
('IDE', 'IDE04', 'E10', 'Available'),
('IDE', 'IDE04', 'E2', 'Available'),
('IDE', 'IDE04', 'E3', 'Available'),
('IDE', 'IDE04', 'E4', 'Available'),
('IDE', 'IDE04', 'E5', 'Available'),
('IDE', 'IDE04', 'E6', 'Available'),
('IDE', 'IDE04', 'E7', 'Available'),
('IDE', 'IDE04', 'E8', 'Available'),
('IDE', 'IDE04', 'E9', 'Available'),
('IDE', 'IDE05', 'A1', 'Available'),
('IDE', 'IDE05', 'A10', 'Available'),
('IDE', 'IDE05', 'A2', 'Available'),
('IDE', 'IDE05', 'A3', 'Available'),
('IDE', 'IDE05', 'A4', 'Available'),
('IDE', 'IDE05', 'A5', 'Available'),
('IDE', 'IDE05', 'A6', 'Available'),
('IDE', 'IDE05', 'A7', 'Available'),
('IDE', 'IDE05', 'A8', 'Available'),
('IDE', 'IDE05', 'A9', 'Available'),
('IDE', 'IDE05', 'B1', 'Available'),
('IDE', 'IDE05', 'B10', 'Available'),
('IDE', 'IDE05', 'B2', 'Available'),
('IDE', 'IDE05', 'B3', 'Available'),
('IDE', 'IDE05', 'B4', 'Available'),
('IDE', 'IDE05', 'B5', 'Available'),
('IDE', 'IDE05', 'B6', 'Available'),
('IDE', 'IDE05', 'B7', 'Available'),
('IDE', 'IDE05', 'B8', 'Available'),
('IDE', 'IDE05', 'B9', 'Available'),
('IDE', 'IDE05', 'C1', 'Available'),
('IDE', 'IDE05', 'C10', 'Available'),
('IDE', 'IDE05', 'C2', 'Available'),
('IDE', 'IDE05', 'C3', 'Available'),
('IDE', 'IDE05', 'C4', 'Available'),
('IDE', 'IDE05', 'C5', 'Available'),
('IDE', 'IDE05', 'C6', 'Available'),
('IDE', 'IDE05', 'C7', 'Available'),
('IDE', 'IDE05', 'C8', 'Available'),
('IDE', 'IDE05', 'C9', 'Available'),
('IDE', 'IDE05', 'D1', 'Available'),
('IDE', 'IDE05', 'D10', 'Available'),
('IDE', 'IDE05', 'D2', 'Available'),
('IDE', 'IDE05', 'D3', 'Available'),
('IDE', 'IDE05', 'D4', 'Available'),
('IDE', 'IDE05', 'D5', 'Available'),
('IDE', 'IDE05', 'D6', 'Available'),
('IDE', 'IDE05', 'D7', 'Available'),
('IDE', 'IDE05', 'D8', 'Available'),
('IDE', 'IDE05', 'D9', 'Available'),
('IDE', 'IDE05', 'E1', 'Available'),
('IDE', 'IDE05', 'E10', 'Available'),
('IDE', 'IDE05', 'E2', 'Available'),
('IDE', 'IDE05', 'E3', 'Available'),
('IDE', 'IDE05', 'E4', 'Available'),
('IDE', 'IDE05', 'E5', 'Available'),
('IDE', 'IDE05', 'E6', 'Available'),
('IDE', 'IDE05', 'E7', 'Available'),
('IDE', 'IDE05', 'E8', 'Available'),
('IDE', 'IDE05', 'E9', 'Available'),
('IDE', 'IDE06', 'A1', 'Available'),
('IDE', 'IDE06', 'A10', 'Available'),
('IDE', 'IDE06', 'A2', 'Available'),
('IDE', 'IDE06', 'A3', 'Available'),
('IDE', 'IDE06', 'A4', 'Available'),
('IDE', 'IDE06', 'A5', 'Available'),
('IDE', 'IDE06', 'A6', 'Available'),
('IDE', 'IDE06', 'A7', 'Available'),
('IDE', 'IDE06', 'A8', 'Available'),
('IDE', 'IDE06', 'A9', 'Available'),
('IDE', 'IDE06', 'B1', 'Available'),
('IDE', 'IDE06', 'B10', 'Available'),
('IDE', 'IDE06', 'B2', 'Available'),
('IDE', 'IDE06', 'B3', 'Available'),
('IDE', 'IDE06', 'B4', 'Available'),
('IDE', 'IDE06', 'B5', 'Available'),
('IDE', 'IDE06', 'B6', 'Available'),
('IDE', 'IDE06', 'B7', 'Available'),
('IDE', 'IDE06', 'B8', 'Available'),
('IDE', 'IDE06', 'B9', 'Available'),
('IDE', 'IDE06', 'C1', 'Available'),
('IDE', 'IDE06', 'C10', 'Available'),
('IDE', 'IDE06', 'C2', 'Available'),
('IDE', 'IDE06', 'C3', 'Available'),
('IDE', 'IDE06', 'C4', 'Available'),
('IDE', 'IDE06', 'C5', 'Available'),
('IDE', 'IDE06', 'C6', 'Available'),
('IDE', 'IDE06', 'C7', 'Available'),
('IDE', 'IDE06', 'C8', 'Available'),
('IDE', 'IDE06', 'C9', 'Available'),
('IDE', 'IDE06', 'D1', 'Available'),
('IDE', 'IDE06', 'D10', 'Available'),
('IDE', 'IDE06', 'D2', 'Available'),
('IDE', 'IDE06', 'D3', 'Available'),
('IDE', 'IDE06', 'D4', 'Available'),
('IDE', 'IDE06', 'D5', 'Available'),
('IDE', 'IDE06', 'D6', 'Available'),
('IDE', 'IDE06', 'D7', 'Available'),
('IDE', 'IDE06', 'D8', 'Available'),
('IDE', 'IDE06', 'D9', 'Available'),
('IDE', 'IDE06', 'E1', 'Available'),
('IDE', 'IDE06', 'E10', 'Available'),
('IDE', 'IDE06', 'E2', 'Available'),
('IDE', 'IDE06', 'E3', 'Available'),
('IDE', 'IDE06', 'E4', 'Available'),
('IDE', 'IDE06', 'E5', 'Available'),
('IDE', 'IDE06', 'E6', 'Available'),
('IDE', 'IDE06', 'E7', 'Available'),
('IDE', 'IDE06', 'E8', 'Available'),
('IDE', 'IDE06', 'E9', 'Available'),
('IDE', 'IDE07', 'A1', 'Available'),
('IDE', 'IDE07', 'A10', 'Available'),
('IDE', 'IDE07', 'A2', 'Available'),
('IDE', 'IDE07', 'A3', 'Available'),
('IDE', 'IDE07', 'A4', 'Available'),
('IDE', 'IDE07', 'A5', 'Available'),
('IDE', 'IDE07', 'A6', 'Available'),
('IDE', 'IDE07', 'A7', 'Available'),
('IDE', 'IDE07', 'A8', 'Available'),
('IDE', 'IDE07', 'A9', 'Available'),
('IDE', 'IDE07', 'B1', 'Available'),
('IDE', 'IDE07', 'B10', 'Available'),
('IDE', 'IDE07', 'B2', 'Available'),
('IDE', 'IDE07', 'B3', 'Available'),
('IDE', 'IDE07', 'B4', 'Available'),
('IDE', 'IDE07', 'B5', 'Available'),
('IDE', 'IDE07', 'B6', 'Available'),
('IDE', 'IDE07', 'B7', 'Available'),
('IDE', 'IDE07', 'B8', 'Available'),
('IDE', 'IDE07', 'B9', 'Available'),
('IDE', 'IDE07', 'C1', 'Available'),
('IDE', 'IDE07', 'C10', 'Available'),
('IDE', 'IDE07', 'C2', 'Available'),
('IDE', 'IDE07', 'C3', 'Available'),
('IDE', 'IDE07', 'C4', 'Available'),
('IDE', 'IDE07', 'C5', 'Available'),
('IDE', 'IDE07', 'C6', 'Available'),
('IDE', 'IDE07', 'C7', 'Available'),
('IDE', 'IDE07', 'C8', 'Available'),
('IDE', 'IDE07', 'C9', 'Available'),
('IDE', 'IDE07', 'D1', 'Available'),
('IDE', 'IDE07', 'D10', 'Available'),
('IDE', 'IDE07', 'D2', 'Available'),
('IDE', 'IDE07', 'D3', 'Available'),
('IDE', 'IDE07', 'D4', 'Available'),
('IDE', 'IDE07', 'D5', 'Available'),
('IDE', 'IDE07', 'D6', 'Available'),
('IDE', 'IDE07', 'D7', 'Available'),
('IDE', 'IDE07', 'D8', 'Available'),
('IDE', 'IDE07', 'D9', 'Available'),
('IDE', 'IDE07', 'E1', 'Available'),
('IDE', 'IDE07', 'E10', 'Available'),
('IDE', 'IDE07', 'E2', 'Available'),
('IDE', 'IDE07', 'E3', 'Available'),
('IDE', 'IDE07', 'E4', 'Available'),
('IDE', 'IDE07', 'E5', 'Available'),
('IDE', 'IDE07', 'E6', 'Available'),
('IDE', 'IDE07', 'E7', 'Available'),
('IDE', 'IDE07', 'E8', 'Available'),
('IDE', 'IDE07', 'E9', 'Available'),
('IDE', 'IDE08', 'A1', 'Available'),
('IDE', 'IDE08', 'A10', 'Available'),
('IDE', 'IDE08', 'A2', 'Available'),
('IDE', 'IDE08', 'A3', 'Available'),
('IDE', 'IDE08', 'A4', 'Available'),
('IDE', 'IDE08', 'A5', 'Available'),
('IDE', 'IDE08', 'A6', 'Pending'),
('IDE', 'IDE08', 'A7', 'Available'),
('IDE', 'IDE08', 'A8', 'Available'),
('IDE', 'IDE08', 'A9', 'Available'),
('IDE', 'IDE08', 'B1', 'Available'),
('IDE', 'IDE08', 'B10', 'Available'),
('IDE', 'IDE08', 'B2', 'Available'),
('IDE', 'IDE08', 'B3', 'Available'),
('IDE', 'IDE08', 'B4', 'Available'),
('IDE', 'IDE08', 'B5', 'Available'),
('IDE', 'IDE08', 'B6', 'Available'),
('IDE', 'IDE08', 'B7', 'Available'),
('IDE', 'IDE08', 'B8', 'Available'),
('IDE', 'IDE08', 'B9', 'Available'),
('IDE', 'IDE08', 'C1', 'Available'),
('IDE', 'IDE08', 'C10', 'Available'),
('IDE', 'IDE08', 'C2', 'Available'),
('IDE', 'IDE08', 'C3', 'Pending'),
('IDE', 'IDE08', 'C4', 'Available'),
('IDE', 'IDE08', 'C5', 'Available'),
('IDE', 'IDE08', 'C6', 'Available'),
('IDE', 'IDE08', 'C7', 'Available'),
('IDE', 'IDE08', 'C8', 'Available'),
('IDE', 'IDE08', 'C9', 'Available'),
('IDE', 'IDE08', 'D1', 'Available'),
('IDE', 'IDE08', 'D10', 'Available'),
('IDE', 'IDE08', 'D2', 'Available'),
('IDE', 'IDE08', 'D3', 'Available'),
('IDE', 'IDE08', 'D4', 'Available'),
('IDE', 'IDE08', 'D5', 'Pending'),
('IDE', 'IDE08', 'D6', 'Available'),
('IDE', 'IDE08', 'D7', 'Available'),
('IDE', 'IDE08', 'D8', 'Available'),
('IDE', 'IDE08', 'D9', 'Available'),
('IDE', 'IDE08', 'E1', 'Available'),
('IDE', 'IDE08', 'E10', 'Available'),
('IDE', 'IDE08', 'E2', 'Available'),
('IDE', 'IDE08', 'E3', 'Available'),
('IDE', 'IDE08', 'E4', 'Pending'),
('IDE', 'IDE08', 'E5', 'Available'),
('IDE', 'IDE08', 'E6', 'Available'),
('IDE', 'IDE08', 'E7', 'Available'),
('IDE', 'IDE08', 'E8', 'Available'),
('IDE', 'IDE08', 'E9', 'Available'),
('SKN', 'SKN00', 'A1', 'Available'),
('SKN', 'SKN00', 'A10', 'Available'),
('SKN', 'SKN00', 'A2', 'Available'),
('SKN', 'SKN00', 'A3', 'Available'),
('SKN', 'SKN00', 'A4', 'Available'),
('SKN', 'SKN00', 'A5', 'Available'),
('SKN', 'SKN00', 'A6', 'Available'),
('SKN', 'SKN00', 'A7', 'Available'),
('SKN', 'SKN00', 'A8', 'Available'),
('SKN', 'SKN00', 'A9', 'Available'),
('SKN', 'SKN00', 'B1', 'Available'),
('SKN', 'SKN00', 'B10', 'Available'),
('SKN', 'SKN00', 'B2', 'Available'),
('SKN', 'SKN00', 'B3', 'Available'),
('SKN', 'SKN00', 'B4', 'Available'),
('SKN', 'SKN00', 'B5', 'Available'),
('SKN', 'SKN00', 'B6', 'Available'),
('SKN', 'SKN00', 'B7', 'Available'),
('SKN', 'SKN00', 'B8', 'Available'),
('SKN', 'SKN00', 'B9', 'Available'),
('SKN', 'SKN00', 'C1', 'Available'),
('SKN', 'SKN00', 'C10', 'Available'),
('SKN', 'SKN00', 'C2', 'Available'),
('SKN', 'SKN00', 'C3', 'Available'),
('SKN', 'SKN00', 'C4', 'Available'),
('SKN', 'SKN00', 'C5', 'Available'),
('SKN', 'SKN00', 'C6', 'Available'),
('SKN', 'SKN00', 'C7', 'Available'),
('SKN', 'SKN00', 'C8', 'Available'),
('SKN', 'SKN00', 'C9', 'Available'),
('SKN', 'SKN00', 'D1', 'Available'),
('SKN', 'SKN00', 'D10', 'Available'),
('SKN', 'SKN00', 'D2', 'Available'),
('SKN', 'SKN00', 'D3', 'Available'),
('SKN', 'SKN00', 'D4', 'Available'),
('SKN', 'SKN00', 'D5', 'Available'),
('SKN', 'SKN00', 'D6', 'Available'),
('SKN', 'SKN00', 'D7', 'Available'),
('SKN', 'SKN00', 'D8', 'Available'),
('SKN', 'SKN00', 'D9', 'Available'),
('SKN', 'SKN00', 'E1', 'Available'),
('SKN', 'SKN00', 'E10', 'Available'),
('SKN', 'SKN00', 'E2', 'Available'),
('SKN', 'SKN00', 'E3', 'Available'),
('SKN', 'SKN00', 'E4', 'Available'),
('SKN', 'SKN00', 'E5', 'Available'),
('SKN', 'SKN00', 'E6', 'Available'),
('SKN', 'SKN00', 'E7', 'Available'),
('SKN', 'SKN00', 'E8', 'Available'),
('SKN', 'SKN00', 'E9', 'Available'),
('SKN', 'SKN01', 'A1', 'Available'),
('SKN', 'SKN01', 'A10', 'Available'),
('SKN', 'SKN01', 'A2', 'Available'),
('SKN', 'SKN01', 'A3', 'Available'),
('SKN', 'SKN01', 'A4', 'Available'),
('SKN', 'SKN01', 'A5', 'Available'),
('SKN', 'SKN01', 'A6', 'Available'),
('SKN', 'SKN01', 'A7', 'Available'),
('SKN', 'SKN01', 'A8', 'Available'),
('SKN', 'SKN01', 'A9', 'Available'),
('SKN', 'SKN01', 'B1', 'Available'),
('SKN', 'SKN01', 'B10', 'Available'),
('SKN', 'SKN01', 'B2', 'Available'),
('SKN', 'SKN01', 'B3', 'Available'),
('SKN', 'SKN01', 'B4', 'Available'),
('SKN', 'SKN01', 'B5', 'Available'),
('SKN', 'SKN01', 'B6', 'Available'),
('SKN', 'SKN01', 'B7', 'Available'),
('SKN', 'SKN01', 'B8', 'Available'),
('SKN', 'SKN01', 'B9', 'Available'),
('SKN', 'SKN01', 'C1', 'Available'),
('SKN', 'SKN01', 'C10', 'Available'),
('SKN', 'SKN01', 'C2', 'Available'),
('SKN', 'SKN01', 'C3', 'Available'),
('SKN', 'SKN01', 'C4', 'Pending'),
('SKN', 'SKN01', 'C5', 'Available'),
('SKN', 'SKN01', 'C6', 'Available'),
('SKN', 'SKN01', 'C7', 'Available'),
('SKN', 'SKN01', 'C8', 'Available'),
('SKN', 'SKN01', 'C9', 'Available'),
('SKN', 'SKN01', 'D1', 'Available'),
('SKN', 'SKN01', 'D10', 'Available'),
('SKN', 'SKN01', 'D2', 'Available'),
('SKN', 'SKN01', 'D3', 'Available'),
('SKN', 'SKN01', 'D4', 'Available'),
('SKN', 'SKN01', 'D5', 'Available'),
('SKN', 'SKN01', 'D6', 'Available'),
('SKN', 'SKN01', 'D7', 'Available'),
('SKN', 'SKN01', 'D8', 'Pending'),
('SKN', 'SKN01', 'D9', 'Available'),
('SKN', 'SKN01', 'E1', 'Available'),
('SKN', 'SKN01', 'E10', 'Available'),
('SKN', 'SKN01', 'E2', 'Available'),
('SKN', 'SKN01', 'E3', 'Available'),
('SKN', 'SKN01', 'E4', 'Available'),
('SKN', 'SKN01', 'E5', 'Available'),
('SKN', 'SKN01', 'E6', 'Available'),
('SKN', 'SKN01', 'E7', 'Available'),
('SKN', 'SKN01', 'E8', 'Available'),
('SKN', 'SKN01', 'E9', 'Available'),
('SKN', 'SKN02', 'A1', 'Available'),
('SKN', 'SKN02', 'A10', 'Available'),
('SKN', 'SKN02', 'A2', 'Available'),
('SKN', 'SKN02', 'A3', 'Available'),
('SKN', 'SKN02', 'A4', 'Available'),
('SKN', 'SKN02', 'A5', 'Available'),
('SKN', 'SKN02', 'A6', 'Available'),
('SKN', 'SKN02', 'A7', 'Available'),
('SKN', 'SKN02', 'A8', 'Available'),
('SKN', 'SKN02', 'A9', 'Available'),
('SKN', 'SKN02', 'B1', 'Available'),
('SKN', 'SKN02', 'B10', 'Available'),
('SKN', 'SKN02', 'B2', 'Available'),
('SKN', 'SKN02', 'B3', 'Available'),
('SKN', 'SKN02', 'B4', 'Available'),
('SKN', 'SKN02', 'B5', 'Available'),
('SKN', 'SKN02', 'B6', 'Available'),
('SKN', 'SKN02', 'B7', 'Available'),
('SKN', 'SKN02', 'B8', 'Available'),
('SKN', 'SKN02', 'B9', 'Available'),
('SKN', 'SKN02', 'C1', 'Available'),
('SKN', 'SKN02', 'C10', 'Available'),
('SKN', 'SKN02', 'C2', 'Available'),
('SKN', 'SKN02', 'C3', 'Available'),
('SKN', 'SKN02', 'C4', 'Available'),
('SKN', 'SKN02', 'C5', 'Available'),
('SKN', 'SKN02', 'C6', 'Available'),
('SKN', 'SKN02', 'C7', 'Available'),
('SKN', 'SKN02', 'C8', 'Available'),
('SKN', 'SKN02', 'C9', 'Available'),
('SKN', 'SKN02', 'D1', 'Available'),
('SKN', 'SKN02', 'D10', 'Available'),
('SKN', 'SKN02', 'D2', 'Available'),
('SKN', 'SKN02', 'D3', 'Available'),
('SKN', 'SKN02', 'D4', 'Pending'),
('SKN', 'SKN02', 'D5', 'Available'),
('SKN', 'SKN02', 'D6', 'Available'),
('SKN', 'SKN02', 'D7', 'Available'),
('SKN', 'SKN02', 'D8', 'Available'),
('SKN', 'SKN02', 'D9', 'Available'),
('SKN', 'SKN02', 'E1', 'Available'),
('SKN', 'SKN02', 'E10', 'Available'),
('SKN', 'SKN02', 'E2', 'Available'),
('SKN', 'SKN02', 'E3', 'Available'),
('SKN', 'SKN02', 'E4', 'Available'),
('SKN', 'SKN02', 'E5', 'Available'),
('SKN', 'SKN02', 'E6', 'Available'),
('SKN', 'SKN02', 'E7', 'Available'),
('SKN', 'SKN02', 'E8', 'Available'),
('SKN', 'SKN02', 'E9', 'Available'),
('THM', 'THM00', 'A1', 'Available'),
('THM', 'THM00', 'A10', 'Available'),
('THM', 'THM00', 'A2', 'Available'),
('THM', 'THM00', 'A3', 'Available'),
('THM', 'THM00', 'A4', 'Available'),
('THM', 'THM00', 'A5', 'Available'),
('THM', 'THM00', 'A6', 'Available'),
('THM', 'THM00', 'A7', 'Available'),
('THM', 'THM00', 'A8', 'Available'),
('THM', 'THM00', 'A9', 'Available'),
('THM', 'THM00', 'B1', 'Available'),
('THM', 'THM00', 'B10', 'Available'),
('THM', 'THM00', 'B2', 'Available'),
('THM', 'THM00', 'B3', 'Available'),
('THM', 'THM00', 'B4', 'Available'),
('THM', 'THM00', 'B5', 'Available'),
('THM', 'THM00', 'B6', 'Available'),
('THM', 'THM00', 'B7', 'Available'),
('THM', 'THM00', 'B8', 'Available'),
('THM', 'THM00', 'B9', 'Available'),
('THM', 'THM00', 'C1', 'Available'),
('THM', 'THM00', 'C10', 'Available'),
('THM', 'THM00', 'C2', 'Available'),
('THM', 'THM00', 'C3', 'Available'),
('THM', 'THM00', 'C4', 'Available'),
('THM', 'THM00', 'C5', 'Available'),
('THM', 'THM00', 'C6', 'Available'),
('THM', 'THM00', 'C7', 'Available'),
('THM', 'THM00', 'C8', 'Available'),
('THM', 'THM00', 'C9', 'Available'),
('THM', 'THM00', 'D1', 'Available'),
('THM', 'THM00', 'D10', 'Available'),
('THM', 'THM00', 'D2', 'Available'),
('THM', 'THM00', 'D3', 'Available'),
('THM', 'THM00', 'D4', 'Available'),
('THM', 'THM00', 'D5', 'Available'),
('THM', 'THM00', 'D6', 'Available'),
('THM', 'THM00', 'D7', 'Available'),
('THM', 'THM00', 'D8', 'Available'),
('THM', 'THM00', 'D9', 'Available'),
('THM', 'THM00', 'E1', 'Available'),
('THM', 'THM00', 'E10', 'Available'),
('THM', 'THM00', 'E2', 'Available'),
('THM', 'THM00', 'E3', 'Available'),
('THM', 'THM00', 'E4', 'Available'),
('THM', 'THM00', 'E5', 'Available'),
('THM', 'THM00', 'E6', 'Available'),
('THM', 'THM00', 'E7', 'Available'),
('THM', 'THM00', 'E8', 'Available'),
('THM', 'THM00', 'E9', 'Available'),
('THM', 'THM01', 'A1', 'Available'),
('THM', 'THM01', 'A10', 'Available'),
('THM', 'THM01', 'A2', 'Available'),
('THM', 'THM01', 'A3', 'Available'),
('THM', 'THM01', 'A4', 'Available'),
('THM', 'THM01', 'A5', 'Available'),
('THM', 'THM01', 'A6', 'Available'),
('THM', 'THM01', 'A7', 'Available'),
('THM', 'THM01', 'A8', 'Available'),
('THM', 'THM01', 'A9', 'Available'),
('THM', 'THM01', 'B1', 'Available'),
('THM', 'THM01', 'B10', 'Available'),
('THM', 'THM01', 'B2', 'Available'),
('THM', 'THM01', 'B3', 'Available'),
('THM', 'THM01', 'B4', 'Available'),
('THM', 'THM01', 'B5', 'Available'),
('THM', 'THM01', 'B6', 'Available'),
('THM', 'THM01', 'B7', 'Available'),
('THM', 'THM01', 'B8', 'Available'),
('THM', 'THM01', 'B9', 'Available'),
('THM', 'THM01', 'C1', 'Available'),
('THM', 'THM01', 'C10', 'Available'),
('THM', 'THM01', 'C2', 'Available'),
('THM', 'THM01', 'C3', 'Available'),
('THM', 'THM01', 'C4', 'Available'),
('THM', 'THM01', 'C5', 'Available'),
('THM', 'THM01', 'C6', 'Available'),
('THM', 'THM01', 'C7', 'Available'),
('THM', 'THM01', 'C8', 'Available'),
('THM', 'THM01', 'C9', 'Available'),
('THM', 'THM01', 'D1', 'Available'),
('THM', 'THM01', 'D10', 'Available'),
('THM', 'THM01', 'D2', 'Available'),
('THM', 'THM01', 'D3', 'Available'),
('THM', 'THM01', 'D4', 'Available'),
('THM', 'THM01', 'D5', 'Available'),
('THM', 'THM01', 'D6', 'Available'),
('THM', 'THM01', 'D7', 'Available'),
('THM', 'THM01', 'D8', 'Available'),
('THM', 'THM01', 'D9', 'Available'),
('THM', 'THM01', 'E1', 'Available'),
('THM', 'THM01', 'E10', 'Available'),
('THM', 'THM01', 'E2', 'Available'),
('THM', 'THM01', 'E3', 'Available'),
('THM', 'THM01', 'E4', 'Available'),
('THM', 'THM01', 'E5', 'Available'),
('THM', 'THM01', 'E6', 'Available'),
('THM', 'THM01', 'E7', 'Available'),
('THM', 'THM01', 'E8', 'Available'),
('THM', 'THM01', 'E9', 'Available'),
('THM', 'THM02', 'A1', 'Available'),
('THM', 'THM02', 'A10', 'Available'),
('THM', 'THM02', 'A2', 'Available'),
('THM', 'THM02', 'A3', 'Available'),
('THM', 'THM02', 'A4', 'Available'),
('THM', 'THM02', 'A5', 'Available'),
('THM', 'THM02', 'A6', 'Available'),
('THM', 'THM02', 'A7', 'Available'),
('THM', 'THM02', 'A8', 'Available'),
('THM', 'THM02', 'A9', 'Available'),
('THM', 'THM02', 'B1', 'Available'),
('THM', 'THM02', 'B10', 'Available'),
('THM', 'THM02', 'B2', 'Available'),
('THM', 'THM02', 'B3', 'Available'),
('THM', 'THM02', 'B4', 'Available'),
('THM', 'THM02', 'B5', 'Available'),
('THM', 'THM02', 'B6', 'Booked'),
('THM', 'THM02', 'B7', 'Booked'),
('THM', 'THM02', 'B8', 'Available'),
('THM', 'THM02', 'B9', 'Booked'),
('THM', 'THM02', 'C1', 'Available'),
('THM', 'THM02', 'C10', 'Available'),
('THM', 'THM02', 'C2', 'Available'),
('THM', 'THM02', 'C3', 'Available'),
('THM', 'THM02', 'C4', 'Booked'),
('THM', 'THM02', 'C5', 'Available'),
('THM', 'THM02', 'C6', 'Pending'),
('THM', 'THM02', 'C7', 'Available'),
('THM', 'THM02', 'C8', 'Booked'),
('THM', 'THM02', 'C9', 'Available'),
('THM', 'THM02', 'D1', 'Available'),
('THM', 'THM02', 'D10', 'Available'),
('THM', 'THM02', 'D2', 'Available'),
('THM', 'THM02', 'D3', 'Available'),
('THM', 'THM02', 'D4', 'Available'),
('THM', 'THM02', 'D5', 'Available'),
('THM', 'THM02', 'D6', 'Available'),
('THM', 'THM02', 'D7', 'Pending'),
('THM', 'THM02', 'D8', 'Available'),
('THM', 'THM02', 'D9', 'Pending'),
('THM', 'THM02', 'E1', 'Available'),
('THM', 'THM02', 'E10', 'Available'),
('THM', 'THM02', 'E2', 'Available'),
('THM', 'THM02', 'E3', 'Pending'),
('THM', 'THM02', 'E4', 'Available'),
('THM', 'THM02', 'E5', 'Available'),
('THM', 'THM02', 'E6', 'Pending'),
('THM', 'THM02', 'E7', 'Available'),
('THM', 'THM02', 'E8', 'Pending'),
('THM', 'THM02', 'E9', 'Available'),
('THN', 'THN00', 'A1', 'Available'),
('THN', 'THN00', 'A10', 'Available'),
('THN', 'THN00', 'A2', 'Available'),
('THN', 'THN00', 'A3', 'Available'),
('THN', 'THN00', 'A4', 'Available'),
('THN', 'THN00', 'A5', 'Available'),
('THN', 'THN00', 'A6', 'Available'),
('THN', 'THN00', 'A7', 'Available'),
('THN', 'THN00', 'A8', 'Available'),
('THN', 'THN00', 'A9', 'Available'),
('THN', 'THN00', 'B1', 'Available'),
('THN', 'THN00', 'B10', 'Available'),
('THN', 'THN00', 'B2', 'Available'),
('THN', 'THN00', 'B3', 'Available'),
('THN', 'THN00', 'B4', 'Available'),
('THN', 'THN00', 'B5', 'Available'),
('THN', 'THN00', 'B6', 'Available'),
('THN', 'THN00', 'B7', 'Available'),
('THN', 'THN00', 'B8', 'Available'),
('THN', 'THN00', 'B9', 'Available'),
('THN', 'THN00', 'C1', 'Available'),
('THN', 'THN00', 'C10', 'Available'),
('THN', 'THN00', 'C2', 'Available'),
('THN', 'THN00', 'C3', 'Available'),
('THN', 'THN00', 'C4', 'Available'),
('THN', 'THN00', 'C5', 'Available'),
('THN', 'THN00', 'C6', 'Available'),
('THN', 'THN00', 'C7', 'Available'),
('THN', 'THN00', 'C8', 'Available'),
('THN', 'THN00', 'C9', 'Available'),
('THN', 'THN00', 'D1', 'Available'),
('THN', 'THN00', 'D10', 'Available'),
('THN', 'THN00', 'D2', 'Available'),
('THN', 'THN00', 'D3', 'Available'),
('THN', 'THN00', 'D4', 'Available'),
('THN', 'THN00', 'D5', 'Available'),
('THN', 'THN00', 'D6', 'Available'),
('THN', 'THN00', 'D7', 'Available'),
('THN', 'THN00', 'D8', 'Available'),
('THN', 'THN00', 'D9', 'Available'),
('THN', 'THN00', 'E1', 'Available'),
('THN', 'THN00', 'E10', 'Available'),
('THN', 'THN00', 'E2', 'Available'),
('THN', 'THN00', 'E3', 'Available'),
('THN', 'THN00', 'E4', 'Available'),
('THN', 'THN00', 'E5', 'Available'),
('THN', 'THN00', 'E6', 'Available'),
('THN', 'THN00', 'E7', 'Available'),
('THN', 'THN00', 'E8', 'Available'),
('THN', 'THN00', 'E9', 'Available'),
('THN', 'THN01', 'A1', 'Available'),
('THN', 'THN01', 'A10', 'Available'),
('THN', 'THN01', 'A2', 'Available'),
('THN', 'THN01', 'A3', 'Available'),
('THN', 'THN01', 'A4', 'Available'),
('THN', 'THN01', 'A5', 'Available'),
('THN', 'THN01', 'A6', 'Available'),
('THN', 'THN01', 'A7', 'Available'),
('THN', 'THN01', 'A8', 'Available'),
('THN', 'THN01', 'A9', 'Available'),
('THN', 'THN01', 'B1', 'Available'),
('THN', 'THN01', 'B10', 'Available'),
('THN', 'THN01', 'B2', 'Available'),
('THN', 'THN01', 'B3', 'Available'),
('THN', 'THN01', 'B4', 'Available'),
('THN', 'THN01', 'B5', 'Available'),
('THN', 'THN01', 'B6', 'Available'),
('THN', 'THN01', 'B7', 'Available'),
('THN', 'THN01', 'B8', 'Available'),
('THN', 'THN01', 'B9', 'Available'),
('THN', 'THN01', 'C1', 'Available'),
('THN', 'THN01', 'C10', 'Available'),
('THN', 'THN01', 'C2', 'Available'),
('THN', 'THN01', 'C3', 'Available'),
('THN', 'THN01', 'C4', 'Available'),
('THN', 'THN01', 'C5', 'Available'),
('THN', 'THN01', 'C6', 'Available'),
('THN', 'THN01', 'C7', 'Available'),
('THN', 'THN01', 'C8', 'Available'),
('THN', 'THN01', 'C9', 'Available'),
('THN', 'THN01', 'D1', 'Available'),
('THN', 'THN01', 'D10', 'Available'),
('THN', 'THN01', 'D2', 'Available'),
('THN', 'THN01', 'D3', 'Available'),
('THN', 'THN01', 'D4', 'Available'),
('THN', 'THN01', 'D5', 'Available'),
('THN', 'THN01', 'D6', 'Available'),
('THN', 'THN01', 'D7', 'Available'),
('THN', 'THN01', 'D8', 'Available'),
('THN', 'THN01', 'D9', 'Available'),
('THN', 'THN01', 'E1', 'Available'),
('THN', 'THN01', 'E10', 'Available'),
('THN', 'THN01', 'E2', 'Available'),
('THN', 'THN01', 'E3', 'Available'),
('THN', 'THN01', 'E4', 'Available'),
('THN', 'THN01', 'E5', 'Available'),
('THN', 'THN01', 'E6', 'Available'),
('THN', 'THN01', 'E7', 'Available'),
('THN', 'THN01', 'E8', 'Available'),
('THN', 'THN01', 'E9', 'Available'),
('THN', 'THN02', 'A1', 'Available'),
('THN', 'THN02', 'A10', 'Available'),
('THN', 'THN02', 'A2', 'Available'),
('THN', 'THN02', 'A3', 'Available'),
('THN', 'THN02', 'A4', 'Available'),
('THN', 'THN02', 'A5', 'Available'),
('THN', 'THN02', 'A6', 'Available'),
('THN', 'THN02', 'A7', 'Available'),
('THN', 'THN02', 'A8', 'Available'),
('THN', 'THN02', 'A9', 'Available'),
('THN', 'THN02', 'B1', 'Available'),
('THN', 'THN02', 'B10', 'Available'),
('THN', 'THN02', 'B2', 'Available'),
('THN', 'THN02', 'B3', 'Available'),
('THN', 'THN02', 'B4', 'Available'),
('THN', 'THN02', 'B5', 'Available'),
('THN', 'THN02', 'B6', 'Available'),
('THN', 'THN02', 'B7', 'Available'),
('THN', 'THN02', 'B8', 'Available'),
('THN', 'THN02', 'B9', 'Available'),
('THN', 'THN02', 'C1', 'Available'),
('THN', 'THN02', 'C10', 'Available'),
('THN', 'THN02', 'C2', 'Available'),
('THN', 'THN02', 'C3', 'Available'),
('THN', 'THN02', 'C4', 'Available'),
('THN', 'THN02', 'C5', 'Available'),
('THN', 'THN02', 'C6', 'Available'),
('THN', 'THN02', 'C7', 'Available'),
('THN', 'THN02', 'C8', 'Available'),
('THN', 'THN02', 'C9', 'Available'),
('THN', 'THN02', 'D1', 'Available'),
('THN', 'THN02', 'D10', 'Available'),
('THN', 'THN02', 'D2', 'Available'),
('THN', 'THN02', 'D3', 'Available'),
('THN', 'THN02', 'D4', 'Available'),
('THN', 'THN02', 'D5', 'Available'),
('THN', 'THN02', 'D6', 'Available'),
('THN', 'THN02', 'D7', 'Available'),
('THN', 'THN02', 'D8', 'Available'),
('THN', 'THN02', 'D9', 'Available'),
('THN', 'THN02', 'E1', 'Available'),
('THN', 'THN02', 'E10', 'Available'),
('THN', 'THN02', 'E2', 'Available'),
('THN', 'THN02', 'E3', 'Available'),
('THN', 'THN02', 'E4', 'Available'),
('THN', 'THN02', 'E5', 'Available'),
('THN', 'THN02', 'E6', 'Available'),
('THN', 'THN02', 'E7', 'Available'),
('THN', 'THN02', 'E8', 'Available'),
('THN', 'THN02', 'E9', 'Available'),
('THN', 'THN03', 'A1', 'Available'),
('THN', 'THN03', 'A10', 'Available'),
('THN', 'THN03', 'A2', 'Available'),
('THN', 'THN03', 'A3', 'Available'),
('THN', 'THN03', 'A4', 'Available'),
('THN', 'THN03', 'A5', 'Available'),
('THN', 'THN03', 'A6', 'Available'),
('THN', 'THN03', 'A7', 'Available'),
('THN', 'THN03', 'A8', 'Available'),
('THN', 'THN03', 'A9', 'Available'),
('THN', 'THN03', 'B1', 'Available'),
('THN', 'THN03', 'B10', 'Available'),
('THN', 'THN03', 'B2', 'Available'),
('THN', 'THN03', 'B3', 'Available'),
('THN', 'THN03', 'B4', 'Available'),
('THN', 'THN03', 'B5', 'Available'),
('THN', 'THN03', 'B6', 'Available'),
('THN', 'THN03', 'B7', 'Available'),
('THN', 'THN03', 'B8', 'Available'),
('THN', 'THN03', 'B9', 'Available'),
('THN', 'THN03', 'C1', 'Available'),
('THN', 'THN03', 'C10', 'Available'),
('THN', 'THN03', 'C2', 'Available'),
('THN', 'THN03', 'C3', 'Available'),
('THN', 'THN03', 'C4', 'Available'),
('THN', 'THN03', 'C5', 'Available'),
('THN', 'THN03', 'C6', 'Available'),
('THN', 'THN03', 'C7', 'Available'),
('THN', 'THN03', 'C8', 'Available'),
('THN', 'THN03', 'C9', 'Available'),
('THN', 'THN03', 'D1', 'Available'),
('THN', 'THN03', 'D10', 'Available'),
('THN', 'THN03', 'D2', 'Available'),
('THN', 'THN03', 'D3', 'Available'),
('THN', 'THN03', 'D4', 'Available'),
('THN', 'THN03', 'D5', 'Available'),
('THN', 'THN03', 'D6', 'Available'),
('THN', 'THN03', 'D7', 'Available'),
('THN', 'THN03', 'D8', 'Available'),
('THN', 'THN03', 'D9', 'Available'),
('THN', 'THN03', 'E1', 'Available'),
('THN', 'THN03', 'E10', 'Available'),
('THN', 'THN03', 'E2', 'Available'),
('THN', 'THN03', 'E3', 'Available'),
('THN', 'THN03', 'E4', 'Available'),
('THN', 'THN03', 'E5', 'Available'),
('THN', 'THN03', 'E6', 'Available'),
('THN', 'THN03', 'E7', 'Available'),
('THN', 'THN03', 'E8', 'Available'),
('THN', 'THN03', 'E9', 'Available'),
('THN', 'THN04', 'A1', 'Available'),
('THN', 'THN04', 'A10', 'Available'),
('THN', 'THN04', 'A2', 'Available'),
('THN', 'THN04', 'A3', 'Available'),
('THN', 'THN04', 'A4', 'Available'),
('THN', 'THN04', 'A5', 'Available'),
('THN', 'THN04', 'A6', 'Available'),
('THN', 'THN04', 'A7', 'Available'),
('THN', 'THN04', 'A8', 'Available'),
('THN', 'THN04', 'A9', 'Available'),
('THN', 'THN04', 'B1', 'Available'),
('THN', 'THN04', 'B10', 'Available'),
('THN', 'THN04', 'B2', 'Available'),
('THN', 'THN04', 'B3', 'Available'),
('THN', 'THN04', 'B4', 'Available'),
('THN', 'THN04', 'B5', 'Available'),
('THN', 'THN04', 'B6', 'Available'),
('THN', 'THN04', 'B7', 'Available'),
('THN', 'THN04', 'B8', 'Available'),
('THN', 'THN04', 'B9', 'Available'),
('THN', 'THN04', 'C1', 'Available'),
('THN', 'THN04', 'C10', 'Available'),
('THN', 'THN04', 'C2', 'Available'),
('THN', 'THN04', 'C3', 'Available'),
('THN', 'THN04', 'C4', 'Available'),
('THN', 'THN04', 'C5', 'Available'),
('THN', 'THN04', 'C6', 'Available'),
('THN', 'THN04', 'C7', 'Available'),
('THN', 'THN04', 'C8', 'Available'),
('THN', 'THN04', 'C9', 'Available'),
('THN', 'THN04', 'D1', 'Available'),
('THN', 'THN04', 'D10', 'Available'),
('THN', 'THN04', 'D2', 'Available'),
('THN', 'THN04', 'D3', 'Available'),
('THN', 'THN04', 'D4', 'Available'),
('THN', 'THN04', 'D5', 'Available'),
('THN', 'THN04', 'D6', 'Available'),
('THN', 'THN04', 'D7', 'Available'),
('THN', 'THN04', 'D8', 'Available'),
('THN', 'THN04', 'D9', 'Available'),
('THN', 'THN04', 'E1', 'Available'),
('THN', 'THN04', 'E10', 'Available'),
('THN', 'THN04', 'E2', 'Available'),
('THN', 'THN04', 'E3', 'Available'),
('THN', 'THN04', 'E4', 'Available'),
('THN', 'THN04', 'E5', 'Available'),
('THN', 'THN04', 'E6', 'Available'),
('THN', 'THN04', 'E7', 'Available'),
('THN', 'THN04', 'E8', 'Available'),
('THN', 'THN04', 'E9', 'Available'),
('THĐ', 'THĐ00', 'A1', 'Available'),
('THĐ', 'THĐ00', 'A10', 'Available'),
('THĐ', 'THĐ00', 'A2', 'Available'),
('THĐ', 'THĐ00', 'A3', 'Available'),
('THĐ', 'THĐ00', 'A4', 'Available'),
('THĐ', 'THĐ00', 'A5', 'Available'),
('THĐ', 'THĐ00', 'A6', 'Available'),
('THĐ', 'THĐ00', 'A7', 'Available'),
('THĐ', 'THĐ00', 'A8', 'Available'),
('THĐ', 'THĐ00', 'A9', 'Available'),
('THĐ', 'THĐ00', 'B1', 'Available'),
('THĐ', 'THĐ00', 'B10', 'Available'),
('THĐ', 'THĐ00', 'B2', 'Available'),
('THĐ', 'THĐ00', 'B3', 'Available'),
('THĐ', 'THĐ00', 'B4', 'Available'),
('THĐ', 'THĐ00', 'B5', 'Available'),
('THĐ', 'THĐ00', 'B6', 'Available'),
('THĐ', 'THĐ00', 'B7', 'Available'),
('THĐ', 'THĐ00', 'B8', 'Available'),
('THĐ', 'THĐ00', 'B9', 'Available'),
('THĐ', 'THĐ00', 'C1', 'Available'),
('THĐ', 'THĐ00', 'C10', 'Available'),
('THĐ', 'THĐ00', 'C2', 'Available'),
('THĐ', 'THĐ00', 'C3', 'Available'),
('THĐ', 'THĐ00', 'C4', 'Available'),
('THĐ', 'THĐ00', 'C5', 'Available'),
('THĐ', 'THĐ00', 'C6', 'Available'),
('THĐ', 'THĐ00', 'C7', 'Available'),
('THĐ', 'THĐ00', 'C8', 'Available'),
('THĐ', 'THĐ00', 'C9', 'Available'),
('THĐ', 'THĐ00', 'D1', 'Available'),
('THĐ', 'THĐ00', 'D10', 'Available'),
('THĐ', 'THĐ00', 'D2', 'Available'),
('THĐ', 'THĐ00', 'D3', 'Available'),
('THĐ', 'THĐ00', 'D4', 'Available'),
('THĐ', 'THĐ00', 'D5', 'Available'),
('THĐ', 'THĐ00', 'D6', 'Available'),
('THĐ', 'THĐ00', 'D7', 'Available'),
('THĐ', 'THĐ00', 'D8', 'Available'),
('THĐ', 'THĐ00', 'D9', 'Available'),
('THĐ', 'THĐ00', 'E1', 'Available'),
('THĐ', 'THĐ00', 'E10', 'Available'),
('THĐ', 'THĐ00', 'E2', 'Available'),
('THĐ', 'THĐ00', 'E3', 'Available'),
('THĐ', 'THĐ00', 'E4', 'Available'),
('THĐ', 'THĐ00', 'E5', 'Available'),
('THĐ', 'THĐ00', 'E6', 'Available'),
('THĐ', 'THĐ00', 'E7', 'Available'),
('THĐ', 'THĐ00', 'E8', 'Available'),
('THĐ', 'THĐ00', 'E9', 'Available'),
('THĐ', 'THĐ01', 'A1', 'Available'),
('THĐ', 'THĐ01', 'A10', 'Available'),
('THĐ', 'THĐ01', 'A2', 'Available'),
('THĐ', 'THĐ01', 'A3', 'Available'),
('THĐ', 'THĐ01', 'A4', 'Available'),
('THĐ', 'THĐ01', 'A5', 'Available'),
('THĐ', 'THĐ01', 'A6', 'Available'),
('THĐ', 'THĐ01', 'A7', 'Available'),
('THĐ', 'THĐ01', 'A8', 'Available'),
('THĐ', 'THĐ01', 'A9', 'Available'),
('THĐ', 'THĐ01', 'B1', 'Available'),
('THĐ', 'THĐ01', 'B10', 'Available'),
('THĐ', 'THĐ01', 'B2', 'Available'),
('THĐ', 'THĐ01', 'B3', 'Available'),
('THĐ', 'THĐ01', 'B4', 'Available'),
('THĐ', 'THĐ01', 'B5', 'Available'),
('THĐ', 'THĐ01', 'B6', 'Available'),
('THĐ', 'THĐ01', 'B7', 'Available'),
('THĐ', 'THĐ01', 'B8', 'Available'),
('THĐ', 'THĐ01', 'B9', 'Available'),
('THĐ', 'THĐ01', 'C1', 'Available'),
('THĐ', 'THĐ01', 'C10', 'Available'),
('THĐ', 'THĐ01', 'C2', 'Available'),
('THĐ', 'THĐ01', 'C3', 'Available'),
('THĐ', 'THĐ01', 'C4', 'Available'),
('THĐ', 'THĐ01', 'C5', 'Available'),
('THĐ', 'THĐ01', 'C6', 'Available'),
('THĐ', 'THĐ01', 'C7', 'Available'),
('THĐ', 'THĐ01', 'C8', 'Available'),
('THĐ', 'THĐ01', 'C9', 'Available'),
('THĐ', 'THĐ01', 'D1', 'Available'),
('THĐ', 'THĐ01', 'D10', 'Available'),
('THĐ', 'THĐ01', 'D2', 'Available'),
('THĐ', 'THĐ01', 'D3', 'Available'),
('THĐ', 'THĐ01', 'D4', 'Available'),
('THĐ', 'THĐ01', 'D5', 'Available'),
('THĐ', 'THĐ01', 'D6', 'Available'),
('THĐ', 'THĐ01', 'D7', 'Available'),
('THĐ', 'THĐ01', 'D8', 'Available'),
('THĐ', 'THĐ01', 'D9', 'Available'),
('THĐ', 'THĐ01', 'E1', 'Available'),
('THĐ', 'THĐ01', 'E10', 'Available'),
('THĐ', 'THĐ01', 'E2', 'Available'),
('THĐ', 'THĐ01', 'E3', 'Available'),
('THĐ', 'THĐ01', 'E4', 'Available'),
('THĐ', 'THĐ01', 'E5', 'Available'),
('THĐ', 'THĐ01', 'E6', 'Available'),
('THĐ', 'THĐ01', 'E7', 'Available'),
('THĐ', 'THĐ01', 'E8', 'Available'),
('THĐ', 'THĐ01', 'E9', 'Available'),
('THĐ', 'THĐ02', 'A1', 'Available'),
('THĐ', 'THĐ02', 'A10', 'Available'),
('THĐ', 'THĐ02', 'A2', 'Available'),
('THĐ', 'THĐ02', 'A3', 'Available'),
('THĐ', 'THĐ02', 'A4', 'Available'),
('THĐ', 'THĐ02', 'A5', 'Available'),
('THĐ', 'THĐ02', 'A6', 'Available'),
('THĐ', 'THĐ02', 'A7', 'Available'),
('THĐ', 'THĐ02', 'A8', 'Available'),
('THĐ', 'THĐ02', 'A9', 'Available'),
('THĐ', 'THĐ02', 'B1', 'Available'),
('THĐ', 'THĐ02', 'B10', 'Available'),
('THĐ', 'THĐ02', 'B2', 'Available'),
('THĐ', 'THĐ02', 'B3', 'Available'),
('THĐ', 'THĐ02', 'B4', 'Available'),
('THĐ', 'THĐ02', 'B5', 'Available'),
('THĐ', 'THĐ02', 'B6', 'Available'),
('THĐ', 'THĐ02', 'B7', 'Available'),
('THĐ', 'THĐ02', 'B8', 'Available'),
('THĐ', 'THĐ02', 'B9', 'Available'),
('THĐ', 'THĐ02', 'C1', 'Available'),
('THĐ', 'THĐ02', 'C10', 'Available'),
('THĐ', 'THĐ02', 'C2', 'Available'),
('THĐ', 'THĐ02', 'C3', 'Available'),
('THĐ', 'THĐ02', 'C4', 'Available'),
('THĐ', 'THĐ02', 'C5', 'Available'),
('THĐ', 'THĐ02', 'C6', 'Available'),
('THĐ', 'THĐ02', 'C7', 'Available'),
('THĐ', 'THĐ02', 'C8', 'Available'),
('THĐ', 'THĐ02', 'C9', 'Available'),
('THĐ', 'THĐ02', 'D1', 'Available'),
('THĐ', 'THĐ02', 'D10', 'Available'),
('THĐ', 'THĐ02', 'D2', 'Available'),
('THĐ', 'THĐ02', 'D3', 'Available'),
('THĐ', 'THĐ02', 'D4', 'Available'),
('THĐ', 'THĐ02', 'D5', 'Available'),
('THĐ', 'THĐ02', 'D6', 'Available'),
('THĐ', 'THĐ02', 'D7', 'Available'),
('THĐ', 'THĐ02', 'D8', 'Available'),
('THĐ', 'THĐ02', 'D9', 'Available'),
('THĐ', 'THĐ02', 'E1', 'Available'),
('THĐ', 'THĐ02', 'E10', 'Available'),
('THĐ', 'THĐ02', 'E2', 'Available'),
('THĐ', 'THĐ02', 'E3', 'Available'),
('THĐ', 'THĐ02', 'E4', 'Available'),
('THĐ', 'THĐ02', 'E5', 'Available'),
('THĐ', 'THĐ02', 'E6', 'Available'),
('THĐ', 'THĐ02', 'E7', 'Available'),
('THĐ', 'THĐ02', 'E8', 'Available'),
('THĐ', 'THĐ02', 'E9', 'Available'),
('THĐ', 'THĐ03', 'A1', 'Available'),
('THĐ', 'THĐ03', 'A10', 'Available'),
('THĐ', 'THĐ03', 'A2', 'Available'),
('THĐ', 'THĐ03', 'A3', 'Available'),
('THĐ', 'THĐ03', 'A4', 'Available'),
('THĐ', 'THĐ03', 'A5', 'Available'),
('THĐ', 'THĐ03', 'A6', 'Available'),
('THĐ', 'THĐ03', 'A7', 'Available'),
('THĐ', 'THĐ03', 'A8', 'Available'),
('THĐ', 'THĐ03', 'A9', 'Available'),
('THĐ', 'THĐ03', 'B1', 'Available'),
('THĐ', 'THĐ03', 'B10', 'Available'),
('THĐ', 'THĐ03', 'B2', 'Available'),
('THĐ', 'THĐ03', 'B3', 'Available'),
('THĐ', 'THĐ03', 'B4', 'Available'),
('THĐ', 'THĐ03', 'B5', 'Available'),
('THĐ', 'THĐ03', 'B6', 'Available'),
('THĐ', 'THĐ03', 'B7', 'Available'),
('THĐ', 'THĐ03', 'B8', 'Available'),
('THĐ', 'THĐ03', 'B9', 'Available'),
('THĐ', 'THĐ03', 'C1', 'Available'),
('THĐ', 'THĐ03', 'C10', 'Available'),
('THĐ', 'THĐ03', 'C2', 'Available'),
('THĐ', 'THĐ03', 'C3', 'Available'),
('THĐ', 'THĐ03', 'C4', 'Available'),
('THĐ', 'THĐ03', 'C5', 'Available'),
('THĐ', 'THĐ03', 'C6', 'Available'),
('THĐ', 'THĐ03', 'C7', 'Available'),
('THĐ', 'THĐ03', 'C8', 'Pending'),
('THĐ', 'THĐ03', 'C9', 'Available'),
('THĐ', 'THĐ03', 'D1', 'Available'),
('THĐ', 'THĐ03', 'D10', 'Available'),
('THĐ', 'THĐ03', 'D2', 'Available'),
('THĐ', 'THĐ03', 'D3', 'Available'),
('THĐ', 'THĐ03', 'D4', 'Available'),
('THĐ', 'THĐ03', 'D5', 'Booked'),
('THĐ', 'THĐ03', 'D6', 'Pending'),
('THĐ', 'THĐ03', 'D7', 'Available'),
('THĐ', 'THĐ03', 'D8', 'Available'),
('THĐ', 'THĐ03', 'D9', 'Available'),
('THĐ', 'THĐ03', 'E1', 'Available'),
('THĐ', 'THĐ03', 'E10', 'Available'),
('THĐ', 'THĐ03', 'E2', 'Available'),
('THĐ', 'THĐ03', 'E3', 'Available'),
('THĐ', 'THĐ03', 'E4', 'Available'),
('THĐ', 'THĐ03', 'E5', 'Available'),
('THĐ', 'THĐ03', 'E6', 'Available'),
('THĐ', 'THĐ03', 'E7', 'Booked'),
('THĐ', 'THĐ03', 'E8', 'Pending'),
('THĐ', 'THĐ03', 'E9', 'Available');

-- --------------------------------------------------------

--
-- Cấu trúc bảng cho bảng `seat_maps`
--

CREATE TABLE `seat_maps` (
  `theater_id` varchar(3) NOT NULL,
  `seat_id` varchar(3) NOT NULL,
  `seat_type` enum('VIP','Regular') NOT NULL
) ENGINE=InnoDB DEFAULT CHARSET=utf8mb4 COLLATE=utf8mb4_general_ci;

--
-- Đang đổ dữ liệu cho bảng `seat_maps`
--

INSERT INTO `seat_maps` (`theater_id`, `seat_id`, `seat_type`) VALUES
('IDE', 'A1', 'Regular'),
('IDE', 'A10', 'Regular'),
('IDE', 'A2', 'Regular'),
('IDE', 'A3', 'Regular'),
('IDE', 'A4', 'Regular'),
('IDE', 'A5', 'Regular'),
('IDE', 'A6', 'Regular'),
('IDE', 'A7', 'Regular'),
('IDE', 'A8', 'Regular'),
('IDE', 'A9', 'Regular'),
('IDE', 'B1', 'Regular'),
('IDE', 'B10', 'Regular'),
('IDE', 'B2', 'Regular'),
('IDE', 'B3', 'Regular'),
('IDE', 'B4', 'Regular'),
('IDE', 'B5', 'Regular'),
('IDE', 'B6', 'Regular'),
('IDE', 'B7', 'Regular'),
('IDE', 'B8', 'Regular'),
('IDE', 'B9', 'Regular'),
('IDE', 'C1', 'Regular'),
('IDE', 'C10', 'Regular'),
('IDE', 'C2', 'Regular'),
('IDE', 'C3', 'Regular'),
('IDE', 'C4', 'Regular'),
('IDE', 'C5', 'Regular'),
('IDE', 'C6', 'Regular'),
('IDE', 'C7', 'Regular'),
('IDE', 'C8', 'Regular'),
('IDE', 'C9', 'Regular'),
('IDE', 'D1', 'Regular'),
('IDE', 'D10', 'Regular'),
('IDE', 'D2', 'Regular'),
('IDE', 'D3', 'Regular'),
('IDE', 'D4', 'Regular'),
('IDE', 'D5', 'Regular'),
('IDE', 'D6', 'Regular'),
('IDE', 'D7', 'Regular'),
('IDE', 'D8', 'Regular'),
('IDE', 'D9', 'Regular'),
('IDE', 'E1', 'VIP'),
('IDE', 'E10', 'VIP'),
('IDE', 'E2', 'VIP'),
('IDE', 'E3', 'VIP'),
('IDE', 'E4', 'VIP'),
('IDE', 'E5', 'VIP'),
('IDE', 'E6', 'VIP'),
('IDE', 'E7', 'VIP'),
('IDE', 'E8', 'VIP'),
('IDE', 'E9', 'VIP'),
('SKN', 'A1', 'Regular'),
('SKN', 'A10', 'Regular'),
('SKN', 'A2', 'Regular'),
('SKN', 'A3', 'Regular'),
('SKN', 'A4', 'Regular'),
('SKN', 'A5', 'Regular'),
('SKN', 'A6', 'Regular'),
('SKN', 'A7', 'Regular'),
('SKN', 'A8', 'Regular'),
('SKN', 'A9', 'Regular'),
('SKN', 'B1', 'Regular'),
('SKN', 'B10', 'Regular'),
('SKN', 'B2', 'Regular'),
('SKN', 'B3', 'Regular'),
('SKN', 'B4', 'Regular'),
('SKN', 'B5', 'Regular'),
('SKN', 'B6', 'Regular'),
('SKN', 'B7', 'Regular'),
('SKN', 'B8', 'Regular'),
('SKN', 'B9', 'Regular'),
('SKN', 'C1', 'Regular'),
('SKN', 'C10', 'Regular'),
('SKN', 'C2', 'Regular'),
('SKN', 'C3', 'Regular'),
('SKN', 'C4', 'Regular'),
('SKN', 'C5', 'Regular'),
('SKN', 'C6', 'Regular'),
('SKN', 'C7', 'Regular'),
('SKN', 'C8', 'Regular'),
('SKN', 'C9', 'Regular'),
('SKN', 'D1', 'Regular'),
('SKN', 'D10', 'Regular'),
('SKN', 'D2', 'Regular'),
('SKN', 'D3', 'Regular'),
('SKN', 'D4', 'Regular'),
('SKN', 'D5', 'Regular'),
('SKN', 'D6', 'Regular'),
('SKN', 'D7', 'Regular'),
('SKN', 'D8', 'Regular'),
('SKN', 'D9', 'Regular'),
('SKN', 'E1', 'VIP'),
('SKN', 'E10', 'VIP'),
('SKN', 'E2', 'VIP'),
('SKN', 'E3', 'VIP'),
('SKN', 'E4', 'VIP'),
('SKN', 'E5', 'VIP'),
('SKN', 'E6', 'VIP'),
('SKN', 'E7', 'VIP'),
('SKN', 'E8', 'VIP'),
('SKN', 'E9', 'VIP'),
('THM', 'A1', 'Regular'),
('THM', 'A10', 'Regular'),
('THM', 'A2', 'Regular'),
('THM', 'A3', 'Regular'),
('THM', 'A4', 'Regular'),
('THM', 'A5', 'Regular'),
('THM', 'A6', 'Regular'),
('THM', 'A7', 'Regular'),
('THM', 'A8', 'Regular'),
('THM', 'A9', 'Regular'),
('THM', 'B1', 'Regular'),
('THM', 'B10', 'Regular'),
('THM', 'B2', 'Regular'),
('THM', 'B3', 'Regular'),
('THM', 'B4', 'Regular'),
('THM', 'B5', 'Regular'),
('THM', 'B6', 'Regular'),
('THM', 'B7', 'Regular'),
('THM', 'B8', 'Regular'),
('THM', 'B9', 'Regular'),
('THM', 'C1', 'Regular'),
('THM', 'C10', 'Regular'),
('THM', 'C2', 'Regular'),
('THM', 'C3', 'Regular'),
('THM', 'C4', 'Regular'),
('THM', 'C5', 'Regular'),
('THM', 'C6', 'Regular'),
('THM', 'C7', 'Regular'),
('THM', 'C8', 'Regular'),
('THM', 'C9', 'Regular'),
('THM', 'D1', 'Regular'),
('THM', 'D10', 'Regular'),
('THM', 'D2', 'Regular'),
('THM', 'D3', 'Regular'),
('THM', 'D4', 'Regular'),
('THM', 'D5', 'Regular'),
('THM', 'D6', 'Regular'),
('THM', 'D7', 'Regular'),
('THM', 'D8', 'Regular'),
('THM', 'D9', 'Regular'),
('THM', 'E1', 'VIP'),
('THM', 'E10', 'VIP'),
('THM', 'E2', 'VIP'),
('THM', 'E3', 'VIP'),
('THM', 'E4', 'VIP'),
('THM', 'E5', 'VIP'),
('THM', 'E6', 'VIP'),
('THM', 'E7', 'VIP'),
('THM', 'E8', 'VIP'),
('THM', 'E9', 'VIP'),
('THN', 'A1', 'Regular'),
('THN', 'A10', 'Regular'),
('THN', 'A2', 'Regular'),
('THN', 'A3', 'Regular'),
('THN', 'A4', 'Regular'),
('THN', 'A5', 'Regular'),
('THN', 'A6', 'Regular'),
('THN', 'A7', 'Regular'),
('THN', 'A8', 'Regular'),
('THN', 'A9', 'Regular'),
('THN', 'B1', 'Regular'),
('THN', 'B10', 'Regular'),
('THN', 'B2', 'Regular'),
('THN', 'B3', 'Regular'),
('THN', 'B4', 'Regular'),
('THN', 'B5', 'Regular'),
('THN', 'B6', 'Regular'),
('THN', 'B7', 'Regular'),
('THN', 'B8', 'Regular'),
('THN', 'B9', 'Regular'),
('THN', 'C1', 'Regular'),
('THN', 'C10', 'Regular'),
('THN', 'C2', 'Regular'),
('THN', 'C3', 'Regular'),
('THN', 'C4', 'Regular'),
('THN', 'C5', 'Regular'),
('THN', 'C6', 'Regular'),
('THN', 'C7', 'Regular'),
('THN', 'C8', 'Regular'),
('THN', 'C9', 'Regular'),
('THN', 'D1', 'Regular'),
('THN', 'D10', 'Regular'),
('THN', 'D2', 'Regular'),
('THN', 'D3', 'Regular'),
('THN', 'D4', 'Regular'),
('THN', 'D5', 'Regular'),
('THN', 'D6', 'Regular'),
('THN', 'D7', 'Regular'),
('THN', 'D8', 'Regular'),
('THN', 'D9', 'Regular'),
('THN', 'E1', 'VIP'),
('THN', 'E10', 'VIP'),
('THN', 'E2', 'VIP'),
('THN', 'E3', 'VIP'),
('THN', 'E4', 'VIP'),
('THN', 'E5', 'VIP'),
('THN', 'E6', 'VIP'),
('THN', 'E7', 'VIP'),
('THN', 'E8', 'VIP'),
('THN', 'E9', 'VIP'),
('THĐ', 'A1', 'Regular'),
('THĐ', 'A10', 'Regular'),
('THĐ', 'A2', 'Regular'),
('THĐ', 'A3', 'Regular'),
('THĐ', 'A4', 'Regular'),
('THĐ', 'A5', 'Regular'),
('THĐ', 'A6', 'Regular'),
('THĐ', 'A7', 'Regular'),
('THĐ', 'A8', 'Regular'),
('THĐ', 'A9', 'Regular'),
('THĐ', 'B1', 'Regular'),
('THĐ', 'B10', 'Regular'),
('THĐ', 'B2', 'Regular'),
('THĐ', 'B3', 'Regular'),
('THĐ', 'B4', 'Regular'),
('THĐ', 'B5', 'Regular'),
('THĐ', 'B6', 'Regular'),
('THĐ', 'B7', 'Regular'),
('THĐ', 'B8', 'Regular'),
('THĐ', 'B9', 'Regular'),
('THĐ', 'C1', 'Regular'),
('THĐ', 'C10', 'Regular'),
('THĐ', 'C2', 'Regular'),
('THĐ', 'C3', 'Regular'),
('THĐ', 'C4', 'Regular'),
('THĐ', 'C5', 'Regular'),
('THĐ', 'C6', 'Regular'),
('THĐ', 'C7', 'Regular'),
('THĐ', 'C8', 'Regular'),
('THĐ', 'C9', 'Regular'),
('THĐ', 'D1', 'Regular'),
('THĐ', 'D10', 'Regular'),
('THĐ', 'D2', 'Regular'),
('THĐ', 'D3', 'Regular'),
('THĐ', 'D4', 'Regular'),
('THĐ', 'D5', 'Regular'),
('THĐ', 'D6', 'Regular'),
('THĐ', 'D7', 'Regular'),
('THĐ', 'D8', 'Regular'),
('THĐ', 'D9', 'Regular'),
('THĐ', 'E1', 'VIP'),
('THĐ', 'E10', 'VIP'),
('THĐ', 'E2', 'VIP'),
('THĐ', 'E3', 'VIP'),
('THĐ', 'E4', 'VIP'),
('THĐ', 'E5', 'VIP'),
('THĐ', 'E6', 'VIP'),
('THĐ', 'E7', 'VIP'),
('THĐ', 'E8', 'VIP'),
('THĐ', 'E9', 'VIP');

-- --------------------------------------------------------

--
-- Cấu trúc bảng cho bảng `seat_prices`
--

CREATE TABLE `seat_prices` (
  `theater_id` varchar(3) NOT NULL,
  `seat_type` enum('VIP','Regular') NOT NULL,
  `price` decimal(10,2) NOT NULL
) ENGINE=InnoDB DEFAULT CHARSET=utf8mb4 COLLATE=utf8mb4_general_ci;

--
-- Đang đổ dữ liệu cho bảng `seat_prices`
--

INSERT INTO `seat_prices` (`theater_id`, `seat_type`, `price`) VALUES
('IDE', 'VIP', 320000.00),
('IDE', 'Regular', 270000.00),
('SKN', 'VIP', 320000.00),
('SKN', 'Regular', 270000.00),
('THM', 'VIP', 350000.00),
('THM', 'Regular', 300000.00),
('THN', 'VIP', 350000.00),
('THN', 'Regular', 300000.00),
('THĐ', 'VIP', 400000.00),
('THĐ', 'Regular', 330000.00);

-- --------------------------------------------------------

--
-- Cấu trúc bảng cho bảng `theaters`
--

CREATE TABLE `theaters` (
  `theater_id` varchar(3) NOT NULL,
  `name` varchar(255) NOT NULL,
  `location` varchar(255) NOT NULL
) ENGINE=InnoDB DEFAULT CHARSET=utf8mb4 COLLATE=utf8mb4_general_ci;

--
-- Đang đổ dữ liệu cho bảng `theaters`
--

INSERT INTO `theaters` (`theater_id`, `name`, `location`) VALUES
('IDE', 'Nhà Hát Kịch IDECAF', 'Số 28 Lê Thánh Tôn, Phường Bến Nghé, Quận 1, Thành Phố Hồ Chí Minh'),
('SKN', 'Nhà hát Kịch Sân khấu Nhỏ', '5B, Võ Văn Tần, Phường 06, Quận 3, Thành Phố Hồ Chí Minh'),
('THM', 'Sân Khấu Nghệ Thuật TRƯƠNG HÙNG MINH', '22 VĨNH VIỄN, Phường 02, Quận 10, Thành Phố Hồ Chí Minh'),
('THN', 'Nhà Hát THANH NIÊN', '4 Phạm Ngọc Thạch, Bến Nghé, Phường Bến Nghé, Quận 1, Thành Phố Hồ Chí Minh'),
('THĐ', 'Sân Khấu Thiên Đăng', 'Tầng 12B tòa nhà IMC - 62 Trần Quang Khải, Phường Tân Định, Quận 1, Thành Phố Hồ Chí Minh');

-- --------------------------------------------------------

--
-- Cấu trúc bảng cho bảng `users`
--

CREATE TABLE `users` (
  `user_id` int(11) NOT NULL,
  `username` varchar(30) NOT NULL,
  `password` varchar(255) NOT NULL,
  `email` varchar(30) NOT NULL,
  `created_at` timestamp NOT NULL DEFAULT current_timestamp(),
  `name` varchar(100) DEFAULT NULL,
  `phone` varchar(15) DEFAULT NULL,
  `address` text DEFAULT NULL,
  `avatar` varchar(255) DEFAULT 'public/images/avatars/default.png',
  `reset_token` varchar(255) DEFAULT NULL,
  `reset_expires` datetime DEFAULT NULL,
  `google_id` varchar(100) DEFAULT NULL
) ENGINE=InnoDB DEFAULT CHARSET=utf8mb4 COLLATE=utf8mb4_general_ci;

--
-- Đang đổ dữ liệu cho bảng `users`
--

INSERT INTO `users` (`user_id`, `username`, `password`, `email`, `created_at`, `name`, `phone`, `address`, `avatar`, `reset_token`, `reset_expires`, `google_id`) VALUES
(1, 'user1', '$2y$10$CFeLc/lSKABauyB6gjSe.eI0HfCuAsk3iaSZxw3QAyDB4phXwWxsO', 'user1@gmail.com', '2025-04-06 23:40:53', NULL, NULL, NULL, 'public/images/avatars/default.png', NULL, NULL, NULL),
(2, 'user2', '$2y$10$puM7Ga5HQIP0hNGug7PkP.XDwtYWjEwm21ZLyfVKHXusEG3234VrG', 'user2@gmail.com', '2025-04-06 23:58:47', 'Nguyen Van A', '0123456789', '268 Ly Thuong Kiet', 'public/images/avatars/default.png', NULL, NULL, NULL),
(3, 'khanhvy', '$2y$10$tYcQAMVx5XKGepnClazeAev0CxEN033aH6VAFm95zKCLM23i9FMKm', 'vhkhanhvy25082601@gmail.com', '2025-04-07 22:08:44', 'Khánh Vy', NULL, NULL, 'https://lh3.googleusercontent.com/a/ACg8ocKkBPXHVxIv9AyzaF_gIoHH5YWYxmOtphqA8VCIdtIhVg5TFbY=s96-c', NULL, NULL, '114875941151678575320'),
(4, 'nhanphan', '$2y$10$PXGudNK5Js93jFoWcCYjuOLB5OY8oNy9ptjy3hMElArfpPiJ8aMIq', 'phankhanhnhan01@gmail.com', '2025-04-08 07:01:57', 'Nhân Phan', NULL, NULL, 'https://lh3.googleusercontent.com/a/ACg8ocIbDIbyks-c0qGWVK-Vq44Xfus5vtRh0ro4k6aVLnHAORBIdg=s96-c', NULL, NULL, '103729317953199544120'),
(5, 'user3', '$2y$10$m8Ill5ZLch0giAtFIFHNrul6Ez1cDh4PlrUqU6gqwpNUTE/WueoM2', 'user3@gmail.com', '2025-04-19 17:59:20', NULL, NULL, NULL, 'public/images/avatars/default.png', NULL, NULL, NULL);

-- --------------------------------------------------------

--
-- Cấu trúc bảng cho bảng `user_tokens`
--

CREATE TABLE `user_tokens` (
  `id` int(11) NOT NULL,
  `user_id` int(11) NOT NULL,
  `token` varchar(255) NOT NULL,
  `expires_at` datetime NOT NULL,
  `created_at` timestamp NOT NULL DEFAULT current_timestamp()
) ENGINE=InnoDB DEFAULT CHARSET=utf8mb4 COLLATE=utf8mb4_general_ci;

--
-- Chỉ mục cho các bảng đã đổ
--

--
-- Chỉ mục cho bảng `admins`
--
ALTER TABLE `admins`
  ADD PRIMARY KEY (`admin_id`),
  ADD UNIQUE KEY `username` (`username`);

--
-- Chỉ mục cho bảng `admin_tokens`
--
ALTER TABLE `admin_tokens`
  ADD PRIMARY KEY (`id`),
  ADD UNIQUE KEY `token` (`token`),
  ADD KEY `admin_id` (`admin_id`);

--
-- Chỉ mục cho bảng `bookings`
--
ALTER TABLE `bookings`
  ADD PRIMARY KEY (`booking_id`),
  ADD KEY `user_id` (`user_id`),
  ADD KEY `play_id` (`play_id`,`theater_id`,`seat_id`);

--
-- Chỉ mục cho bảng `plays`
--
ALTER TABLE `plays`
  ADD PRIMARY KEY (`play_id`),
  ADD KEY `theater_id` (`theater_id`);

--
-- Chỉ mục cho bảng `schedules`
--
ALTER TABLE `schedules`
  ADD PRIMARY KEY (`play_id`,`date`,`start_time`);

--
-- Chỉ mục cho bảng `seats`
--
ALTER TABLE `seats`
  ADD PRIMARY KEY (`theater_id`,`play_id`,`seat_id`),
  ADD KEY `play_id` (`play_id`),
  ADD KEY `theater_id` (`theater_id`,`seat_id`);

--
-- Chỉ mục cho bảng `seat_maps`
--
ALTER TABLE `seat_maps`
  ADD PRIMARY KEY (`theater_id`,`seat_id`);

--
-- Chỉ mục cho bảng `seat_prices`
--
ALTER TABLE `seat_prices`
  ADD PRIMARY KEY (`theater_id`,`seat_type`);

--
-- Chỉ mục cho bảng `theaters`
--
ALTER TABLE `theaters`
  ADD PRIMARY KEY (`theater_id`),
  ADD UNIQUE KEY `name` (`name`);

--
-- Chỉ mục cho bảng `users`
--
ALTER TABLE `users`
  ADD PRIMARY KEY (`user_id`);

--
-- Chỉ mục cho bảng `user_tokens`
--
ALTER TABLE `user_tokens`
  ADD PRIMARY KEY (`id`),
  ADD UNIQUE KEY `token` (`token`),
  ADD KEY `user_id` (`user_id`);

--
-- AUTO_INCREMENT cho các bảng đã đổ
--

--
-- AUTO_INCREMENT cho bảng `admins`
--
ALTER TABLE `admins`
  MODIFY `admin_id` int(11) NOT NULL AUTO_INCREMENT, AUTO_INCREMENT=2;

--
-- AUTO_INCREMENT cho bảng `admin_tokens`
--
ALTER TABLE `admin_tokens`
  MODIFY `id` int(11) NOT NULL AUTO_INCREMENT, AUTO_INCREMENT=2;

--
-- AUTO_INCREMENT cho bảng `bookings`
--
ALTER TABLE `bookings`
  MODIFY `booking_id` int(11) NOT NULL AUTO_INCREMENT, AUTO_INCREMENT=36;

--
-- AUTO_INCREMENT cho bảng `users`
--
ALTER TABLE `users`
  MODIFY `user_id` int(11) NOT NULL AUTO_INCREMENT, AUTO_INCREMENT=6;

--
-- AUTO_INCREMENT cho bảng `user_tokens`
--
ALTER TABLE `user_tokens`
  MODIFY `id` int(11) NOT NULL AUTO_INCREMENT, AUTO_INCREMENT=4;

--
-- Các ràng buộc cho các bảng đã đổ
--

--
-- Các ràng buộc cho bảng `admin_tokens`
--
ALTER TABLE `admin_tokens`
  ADD CONSTRAINT `admin_tokens_ibfk_1` FOREIGN KEY (`admin_id`) REFERENCES `admins` (`admin_id`) ON DELETE CASCADE;

--
-- Các ràng buộc cho bảng `bookings`
--
ALTER TABLE `bookings`
  ADD CONSTRAINT `bookings_ibfk_1` FOREIGN KEY (`user_id`) REFERENCES `users` (`user_id`),
  ADD CONSTRAINT `bookings_ibfk_2` FOREIGN KEY (`play_id`,`theater_id`,`seat_id`) REFERENCES `seats` (`play_id`, `theater_id`, `seat_id`) ON DELETE CASCADE;

--
-- Các ràng buộc cho bảng `plays`
--
ALTER TABLE `plays`
  ADD CONSTRAINT `plays_ibfk_1` FOREIGN KEY (`theater_id`) REFERENCES `theaters` (`theater_id`) ON DELETE CASCADE;

--
-- Các ràng buộc cho bảng `schedules`
--
ALTER TABLE `schedules`
  ADD CONSTRAINT `schedules_ibfk_1` FOREIGN KEY (`play_id`) REFERENCES `plays` (`play_id`) ON DELETE CASCADE;

--
-- Các ràng buộc cho bảng `seats`
--
ALTER TABLE `seats`
  ADD CONSTRAINT `seats_ibfk_1` FOREIGN KEY (`play_id`) REFERENCES `plays` (`play_id`) ON DELETE CASCADE,
  ADD CONSTRAINT `seats_ibfk_2` FOREIGN KEY (`theater_id`,`seat_id`) REFERENCES `seat_maps` (`theater_id`, `seat_id`) ON DELETE CASCADE;

--
-- Các ràng buộc cho bảng `seat_maps`
--
ALTER TABLE `seat_maps`
  ADD CONSTRAINT `seat_maps_ibfk_1` FOREIGN KEY (`theater_id`) REFERENCES `theaters` (`theater_id`) ON DELETE CASCADE;

--
-- Các ràng buộc cho bảng `seat_prices`
--
ALTER TABLE `seat_prices`
  ADD CONSTRAINT `seat_prices_ibfk_1` FOREIGN KEY (`theater_id`) REFERENCES `theaters` (`theater_id`) ON DELETE CASCADE;

--
-- Các ràng buộc cho bảng `user_tokens`
--
ALTER TABLE `user_tokens`
  ADD CONSTRAINT `user_tokens_ibfk_1` FOREIGN KEY (`user_id`) REFERENCES `users` (`user_id`) ON DELETE CASCADE;
COMMIT;

/*!40101 SET CHARACTER_SET_CLIENT=@OLD_CHARACTER_SET_CLIENT */;
/*!40101 SET CHARACTER_SET_RESULTS=@OLD_CHARACTER_SET_RESULTS */;
/*!40101 SET COLLATION_CONNECTION=@OLD_COLLATION_CONNECTION */;
